referentiel,tgv_ref,cible_ref,cible_intitule,relation,justification
bsi-c5-2020,S01.01,OIS-07,Application of the Risk Management Policy,tgv_plus_etroit,Le rapport d'évaluation des risques de sécurité réalisé avant mise en production constitue une instance des évaluations de risques exigées par OIS-07.
bsi-c5-2020,S01.02,OIS-07,Application of the Risk Management Policy,recoupement_partiel,Les rapports d'évaluations périodiques des risques CID recoupent l'exécution récurrente du processus de gestion des risques d'OIS-07 sans en couvrir tout le périmètre organisationnel.
bsi-c5-2020,S01.03,DEV-05,"Risk assessment, categorisation and prioritisation of changes",tgv_plus_etroit,L'évaluation de risque déclenchée par tout changement majeur est un sous-ensemble de l'évaluation de risque exigée sur l'ensemble des changements par DEV-05.
bsi-c5-2020,S01.03,OIS-07,Application of the Risk Management Policy,recoupement_partiel,L'approbation par la direction de l'évaluation continue des risques recoupe l'exécution périodique du processus de risque d'OIS-07.
bsi-c5-2020,S02.01,OIS-02,Information Security Policy,recoupement_partiel,"La politique de sécurité présentant objectifs, principes directeurs et rôles fournit la preuve documentaire attendue par la politique OIS-02."
bsi-c5-2020,S02.01,SP-03,Exceptions from Existing Policies and Instructions,tgv_plus_etroit,Le volet gestion des dérogations et exceptions de la politique est un sous-ensemble du processus formel d'exceptions avec acceptation du risque de SP-03.
bsi-c5-2020,S02.02,SP-01,"Documentation, communication and provision of policies and instructions",recoupement_partiel,"Les normes, processus et procédures techniques documentés constituent les instructions dérivées de la politique de sécurité visées par SP-01."
bsi-c5-2020,S02.03,SP-01,"Documentation, communication and provision of policies and instructions",tgv_plus_etroit,La communication des politiques aux personnes intéressées est un sous-ensemble de la diffusion et mise à disposition exigée par SP-01.
bsi-c5-2020,S02.03,SP-02,Review and Approval of Policies and Instructions,recoupement_partiel,L'approbation par la direction et la mise à jour des politiques recoupent la revue et l'approbation périodiques exigées par SP-02.
bsi-c5-2020,S02.04,AM-02,Acceptable Use and Safe Handling of Assets Policy,recoupement_partiel,Le cadre de bonnes pratiques d'utilisation des outils informatiques recoupe la politique d'usage acceptable des actifs d'AM-02.
bsi-c5-2020,S02.04,SIM-01,Policy for security incident management,tgv_plus_etroit,La procédure à suivre en cas d'incident est un sous-ensemble de la politique de gestion des incidents de sécurité de SIM-01.
bsi-c5-2020,S03.01,OIS-02,Information Security Policy,tgv_plus_etroit,La définition des responsabilités de sécurité est un sous-ensemble du contenu rôles et responsabilités de la politique OIS-02.
bsi-c5-2020,S03.02,AM-01,Asset Inventory,recoupement_partiel,L'attribution d'un responsable de sécurité à l'application et à ses actifs recoupe l'affectation des personnes responsables des actifs prévue par AM-01.
bsi-c5-2020,S03.03,OIS-04,Segregation of Duties,tgv_plus_etroit,L'identification des tâches incompatibles de l'application et les mesures anti-usage inapproprié sont un sous-ensemble applicatif de la séparation des tâches d'OIS-04.
bsi-c5-2020,S03.04,DEV-01,Policies for the development/procurement of information systems,recoupement_partiel,La méthode de gestion de projet intégrant la sécurité recoupe les directives couvrant le cycle de vie de développement sécurisé de DEV-01.
bsi-c5-2020,S04.01,HR-01,Verification of qualification and trustworthiness,tgv_plus_etroit,La vérification des compétences du personnel est un sous-ensemble de la vérification de qualification et d'intégrité exigée par HR-01.
bsi-c5-2020,S04.02,HR-03,Security training and awareness programme,equivalent,Le programme de sensibilisation et de formation à la sécurité pour tout le personnel correspond directement au programme de sécurité d'HR-03.
bsi-c5-2020,S04.03,HR-02,Employment terms and conditions,recoupement_partiel,L'information du personnel et des contractants sur leurs responsabilités et procédures recoupe les obligations de conformité imposées par les conditions d'emploi d'HR-02.
bsi-c5-2020,S04.04,HR-04,Disciplinary measures,equivalent,Les sanctions approuvées pour non-respect des politiques correspondent aux mesures disciplinaires d'HR-04.
bsi-c5-2020,S04.05,HR-05,Responsibilities in the event of termination or change of employment,equivalent,Le rappel des obligations subsistant à la fin de la relation d'emploi correspond aux responsabilités en cas de cessation ou changement d'emploi d'HR-05.
bsi-c5-2020,S05.01,AM-02,Acceptable Use and Safe Handling of Assets Policy,recoupement_partiel,Les conditions d'utilisation de l'application et de ses actifs d'exploitation recoupent la politique d'usage acceptable et de manipulation sure des actifs d'AM-02.
bsi-c5-2020,S05.04,AM-01,Asset Inventory,tgv_plus_etroit,L'inventaire de l'application et de ses actifs avec responsable attitré est un sous-ensemble de l'inventaire des actifs d'AM-01.
bsi-c5-2020,S05.05,AM-06,Asset Classification and Labelling,tgv_plus_etroit,"La classification des actifs selon disponibilité, intégrité et confidentialité est un sous-ensemble de la classification et de l'étiquetage des actifs d'AM-06."
bsi-c5-2020,S05.06,AM-05,"Commitment to Permissible Use, Safe Handling and Return of Assets",tgv_plus_etroit,La restitution de tous les actifs en fin de contrat est un sous-ensemble de l'engagement de retour des actifs d'AM-05.
bsi-c5-2020,S05.07,AM-02,Acceptable Use and Safe Handling of Assets Policy,tgv_plus_etroit,L'encadrement des supports amovibles selon la classification de l'information est un sous-ensemble de la manipulation sure des actifs d'AM-02.
bsi-c5-2020,S05.08,AM-04,Decommissioning of Hardware,tgv_plus_etroit,La procédure de mise au rebut sécurisée des supports d'information est un sous-ensemble de l'effacement sécurisé lors du déclassement du matériel d'AM-04.
bsi-c5-2020,S06.01,IDM-01,Policy for user accounts and access rights,recoupement_partiel,La politique organisationnelle de gestion des accès recoupe le concept de rôles/droits et la politique de gestion des comptes et droits d'IDM-01.
bsi-c5-2020,S06.02,PSS-08,Roles and Rights Concept,recoupement_partiel,Les règles de gestion des accès propres à l'application recoupent le concept de rôles et droits offert par le service de PSS-08.
bsi-c5-2020,S06.03,PSS-09,Authorisation Mechanisms,recoupement_partiel,Les mécanismes limitant chaque accès aux seules composantes et informations autorisées correspondent aux mécanismes d'autorisation de PSS-09.
bsi-c5-2020,S06.04,IDM-06,Privileged access rights,recoupement_partiel,Le confinement des activités à privilèges élevés à des comptes dédiés avec contrôle d'octroi recoupe la gestion des droits d'accès à privilèges d'IDM-06.
bsi-c5-2020,S06.05,PSS-07,Confidentiality of Authentication Information,tgv_plus_etroit,La gestion du niveau de complexité des mots de passe est un sous-ensemble des exigences de confidentialité des informations d'authentification par mot de passe de PSS-07.
bsi-c5-2020,S06.06,PSS-05,Authentication Mechanisms,tgv_plus_etroit,L'obligation d'utiliser le MFA est un sous-ensemble des mécanismes d'authentification forte à plusieurs facteurs fournis par PSS-05.
bsi-c5-2020,S06.07,PSS-05,Authentication Mechanisms,tgv_plus_etroit,Le support de protocoles sécurisés modernes et de fédérations d'identité (SAML/OpenID) est un sous-ensemble des mécanismes d'authentification à l'état de l'art de PSS-05.
bsi-c5-2020,S06.08,PSS-07,Confidentiality of Authentication Information,tgv_plus_etroit,La préservation de la confidentialité et le non-stockage des mots de passe en mode integre relèvent de la confidentialité des informations d'authentification de PSS-07.
bsi-c5-2020,S06.09,PSS-07,Confidentiality of Authentication Information,tgv_plus_etroit,La possibilité pour chaque utilisateur de changer son mot de passe est un sous-ensemble des procédures de gestion des mots de passe de PSS-07.
bsi-c5-2020,S06.10,IDM-09,Authentication mechanisms,recoupement_partiel,L'authentification mutuelle entre composantes de l'application recoupe l'authentification des composants système impliqués dans les processus automatisés d'IDM-09.
bsi-c5-2020,S06.11,IDM-08,Confidentiality of authentication information,recoupement_partiel,L'absence de mots de passe en clair dans le code source et les scripts recoupe la gestion confidentielle de l'attribution des informations d'authentification d'IDM-08.
bsi-c5-2020,S06.12,PSS-08,Roles and Rights Concept,recoupement_partiel,Les fonctionnalités facilitant la revue des accès recoupent le concept de rôles/droits permettant au client de gérer les accès de PSS-08.
bsi-c5-2020,S06.13,PSS-08,Roles and Rights Concept,recoupement_partiel,La gestion par profils basés sur les fonctionnalités appliquant le moindre privilège correspond aux profils de droits par fonction de PSS-08.
bsi-c5-2020,S06.14,PSS-08,Roles and Rights Concept,recoupement_partiel,La capacité de l'acquéreur à gérer aisément les accès via l'application correspond au concept de rôles/droits permettant aux clients de gérer les accès de PSS-08.
bsi-c5-2020,S06.15,PSS-06,Session Management,tgv_plus_etroit,La fonction permettant à l'utilisateur de se déconnecter facilement est un sous-ensemble de la gestion de session de PSS-06.
bsi-c5-2020,S06.16,PSS-05,Authentication Mechanisms,tgv_plus_etroit,"Le verrouillage automatique de l'identifiant utilisateur après cinq échecs de connexion est un sous-ensemble des mécanismes d'authentification proteges contre les attaques connues (force brute/devinement de justificatifs) fournis par PSS-05, sur la couche produit destinée aux utilisateurs finaux."
bsi-c5-2020,S06.17,PSS-05,Authentication Mechanisms,tgv_plus_etroit,Le message d'erreur générique anti-énumération est un sous-ensemble des protections contre les attaques connues des mécanismes d'authentification de PSS-05.
bsi-c5-2020,S06.18,IDM-01,Policy for user accounts and access rights,recoupement_partiel,L'interdiction de comptes génériques assurant la responsabilité individuelle recoupe le concept de comptes nominatifs de la politique de gestion des comptes d'IDM-01.
bsi-c5-2020,S06.19,PSS-06,Session Management,tgv_plus_etroit,La déconnexion automatique d'une session après délai d'inactivité est un sous-ensemble de la gestion de session de PSS-06.
bsi-c5-2020,S06.20,DEV-07,Logging of changes,recoupement_partiel,La restriction de l'accès au code source recoupe le concept de rôles/droits et l'accès authentifié aux outils de gestion du code de DEV-07.
bsi-c5-2020,S06.21,PSS-05,Authentication Mechanisms,tgv_plus_etroit,Le test CAPTCHA protégeant l'authentification contre l'automatisation est un sous-ensemble des protections contre les attaques connues de PSS-05.
bsi-c5-2020,S06.22,PSS-04,Error handling and Logging Mechanisms,recoupement_partiel,La notification au titulaire de toute connexion ou modification de profil recoupe les mécanismes fournissant aux utilisateurs des informations liées à la sécurité de PSS-04.
bsi-c5-2020,S06.23,COS-01,Technical safeguards,tgv_plus_etroit,La détection et mitigation du bourrage de justificatifs et des attaques par dictionnaire est un sous-ensemble des mesures techniques de détection et réponse aux attaques réseau de COS-01.
bsi-c5-2020,S06.25,OPS-15,Logging and Monitoring - Accountability,tgv_plus_etroit,La journalisation des accès au PST exposés sur Internet est un sous-ensemble de la journalisation d'imputabilité des accès utilisateurs d'OPS-15.
bsi-c5-2020,S07.01,CRY-02,Encryption of data for transmission (transport encryption),recoupement_partiel,"Le chiffrement des communications de données sensibles recoupe le chiffrement en transport de CRY-02, qui exige en plus l'authentification sur réseaux publics."
bsi-c5-2020,S07.01,CRY-03,Encryption of sensitive data for storage,recoupement_partiel,"Le chiffrement à l'entreposage des données sensibles recoupe le chiffrement au stockage de CRY-03, qui exige en plus des clés détenues par le client."
bsi-c5-2020,S07.02,CRY-02,Encryption of data for transmission (transport encryption),recoupement_partiel,Le chiffrement et l'authentification de part et d'autre des communications inter-composantes recoupent le chiffrement et l'authentification de transmission de CRY-02.
bsi-c5-2020,S08.01,CRY-04,Secure key management,tgv_plus_etroit,La documentation formelle de la gestion des clés sur tout leur cycle de vie est un sous-ensemble des procédures de gestion sécurisée des clés de CRY-04.
bsi-c5-2020,S08.02,PS-01,Physical Security and Environmental Control Requirements,recoupement_partiel,Les mesures de protection physique appropriées des locaux d'hébergement recoupent les exigences de sécurité physique et environnementale de PS-01.
bsi-c5-2020,S08.02,PS-04,Physical site access control,recoupement_partiel,Le contrôle d'accès aux locaux hébergeant les composantes recoupe le contrôle d'accès physique aux sites de PS-04.
bsi-c5-2020,S09.01,AM-02,Acceptable Use and Safe Handling of Assets Policy,tgv_plus_etroit,La politique du bureau propre et de l'écran vide est un sous-ensemble de la manipulation sure des actifs et informations d'AM-02.
bsi-c5-2020,S09.02,SP-01,"Documentation, communication and provision of policies and instructions",tgv_plus_etroit,La documentation des procédures d'exploitation et leur communication aux personnes concernées sont un sous-ensemble de la documentation et diffusion des instructions de SP-01.
bsi-c5-2020,S09.03,PSS-01,Guidelines and Recommendations for Cloud Customers,recoupement_partiel,Le guide d'utilisation fourni aux utilisateurs recoupe les recommandations d'utilisation sure du service fournies aux clients de PSS-01.
bsi-c5-2020,S09.04,PSS-01,Guidelines and Recommendations for Cloud Customers,recoupement_partiel,"Le guide d'installation et d'entretien couvrant la configuration sécurisée, la gestion des accès et les sauvegardes correspond aux recommandations de configuration et installation sures de PSS-01."
bsi-c5-2020,S09.05,OPS-06,Data Protection and Recovery - Concept,recoupement_partiel,Le système de sauvegarde de l'infrastructure et des données recoupe le concept de sauvegarde et récupération d'OPS-06.
bsi-c5-2020,S09.05,OPS-09,Data Backup and Recovery - Storage,tgv_plus_etroit,La résilience aux rançongiciels par sauvegardes isolées/protégées est un sous-ensemble du stockage distant et protégé des sauvegardes d'OPS-09.
bsi-c5-2020,S09.06,OPS-06,Data Protection and Recovery - Concept,recoupement_partiel,Les stratégies de sauvegarde permettant une récupération complète ou partielle des données et métadonnées recoupent le concept de sauvegarde et récupération d'OPS-06.
bsi-c5-2020,S09.07,DEV-03,Policies for changes to information systems,recoupement_partiel,Le processus documenté de gestion des changements de l'application recoupe les politiques de gestion des changements des systèmes de DEV-03.
bsi-c5-2020,S09.08,DEV-08,Version Control,recoupement_partiel,La numérotation de version identifiant chaque changement recoupe le contrôle de version permettant de tracer les changements de DEV-08.
bsi-c5-2020,S09.09,OPS-18,"Managing Vulnerabilities, Malfunctions and Errors - Concept",recoupement_partiel,Le plan de gestion continue des vulnérabilités de l'application recoupe le concept de gestion des vulnérabilités d'OPS-18.
bsi-c5-2020,S09.10,OPS-18,"Managing Vulnerabilities, Malfunctions and Errors - Concept",tgv_plus_etroit,L'application diligente des correctifs de sécurité est un sous-ensemble des mesures de traitement rapide des vulnérabilités d'OPS-18.
bsi-c5-2020,S09.11,OPS-18,"Managing Vulnerabilities, Malfunctions and Errors - Concept",recoupement_partiel,La documentation des composantes reposant sur des technologies récentes supportées recoupe la gestion des vulnérabilités visant à éviter les composants non supportés d'OPS-18.
bsi-c5-2020,S09.12,PSS-02,Identification of Vulnerabilities of the Cloud Service,recoupement_partiel,L'absence de porte dérobée recoupe l'identification des vulnérabilités introduites lors du processus de développement du service de PSS-02.
bsi-c5-2020,S10.01,OPS-05,Protection Against Malware - Implementation,tgv_plus_etroit,Le déploiement d'un antivirus récent avec fonction EDR sur tous les systèmes est un sous-ensemble de la mise en oeuvre de la protection contre les maliciels d'OPS-05.
bsi-c5-2020,S10.02,OPS-05,Protection Against Malware - Implementation,tgv_plus_etroit,Les mécanismes de gestion des exceptions et d'alertes de la solution antimaliciel sont un sous-ensemble de la mise en oeuvre de la protection contre les maliciels d'OPS-05.
bsi-c5-2020,S10.04,OPS-10,Logging and Monitoring - Concept,tgv_plus_etroit,La capacité de journaliser toute activité effectuée avec l'application est un sous-ensemble du concept de journalisation et de surveillance des événements d'OPS-10.
bsi-c5-2020,S10.04,OPS-15,Logging and Monitoring - Accountability,recoupement_partiel,"La journalisation identifiant l'acteur, le moment et la nature de chaque activité recoupe la journalisation d'imputabilité permettant l'identification univoque des accès d'OPS-15."
bsi-c5-2020,S10.05,OPS-13,Logging and Monitoring - Identification of Events,recoupement_partiel,"Les fonctions de filtrage, analyse et extraction en format standard des journaux recoupent la surveillance et l'analyse automatisées des données de journalisation d'OPS-13."
bsi-c5-2020,S10.06,OPS-13,Logging and Monitoring - Identification of Events,recoupement_partiel,Les fonctionnalités d'alerte signalant comportements anormaux et incidents potentiels recoupent l'identification automatisée des événements et corrélations d'OPS-13.
bsi-c5-2020,S10.07,COS-01,Technical safeguards,recoupement_partiel,Les systèmes de détection d'intrusion recoupent les mesures techniques de détection et réponse aux attaques réseau de COS-01.
bsi-c5-2020,S10.08,PSS-08,Roles and Rights Concept,tgv_plus_etroit,Le rôle de type auditeur permettant la consultation des rapports d'audit est un sous-ensemble du concept de rôles et droits de PSS-08.
bsi-c5-2020,S10.09,OPS-12,"Logging and Monitoring - Access, Storage and Deletion",tgv_plus_etroit,La protection des journaux contre la divulgation aux personnes non autorisées est un sous-ensemble de la restriction d'accès aux seuls utilisateurs autorisés d'OPS-12.
bsi-c5-2020,S10.09,OPS-14,Logging and Monitoring - Storage of the Logging Data,recoupement_partiel,La protection des journaux contre l'altération recoupe la conservation des données de journalisation sous forme inaltérable d'OPS-14.
bsi-c5-2020,S11.01,OPS-14,Logging and Monitoring - Storage of the Logging Data,tgv_plus_etroit,La conservation des journaux selon un calendrier légal est un sous-ensemble des exigences de rétention et suppression des données de journalisation d'OPS-14.
bsi-c5-2020,S11.02,COS-08,Policies for data transmission,recoupement_partiel,La protection de toutes les communications incluant le soutien à distance recoupe les politiques et mesures de protection de la transmission de données de COS-08.
bsi-c5-2020,S11.03,COS-03,Monitoring of connections in the Cloud Service Provider's network,recoupement_partiel,"Le cloisonnement de l'environnement d'exécution en zones (accès public, zone serveur) recoupe la séparation en zones de sécurité de COS-03."
bsi-c5-2020,S11.04,COS-08,Policies for data transmission,tgv_plus_etroit,La protection de l'information confidentielle transitant par courrier électronique est un sous-ensemble des politiques de protection de la transmission de COS-08.
bsi-c5-2020,S11.05,HR-03,Security training and awareness programme,tgv_plus_etroit,Les campagnes continues de simulation d'hameçonnage sont un sous-ensemble du programme de sensibilisation et de formation à la sécurité d'HR-03.
bsi-c5-2020,S11.06,COS-02,Security requirements for connections in the Cloud Service Provider's network,recoupement_partiel,L'exigence d'une connectivité sécurisée recoupe les exigences de sécurité applicables aux connexions dans le réseau de COS-02.
bsi-c5-2020,S12.01,HR-03,Security training and awareness programme,tgv_plus_etroit,"Le plan de formation en cybersécurité (menaces mobiles, hameçonnage, rançongiciels, ingénierie sociale) est un sous-ensemble du programme de sensibilisation d'HR-03."
bsi-c5-2020,S12.02,DEV-01,Policies for the development/procurement of information systems,recoupement_partiel,La prise en compte de la sécurité à chaque étape du développement recoupe les directives de développement sécurisé couvrant tout le cycle de vie de DEV-01.
bsi-c5-2020,S12.03,DEV-10,Separation of environments,recoupement_partiel,"La distinction des environnements de développement, test et exploitation recoupe la séparation des environnements de DEV-10."
bsi-c5-2020,S12.04,DEV-01,Policies for the development/procurement of information systems,tgv_plus_etroit,Le respect des bonnes pratiques de sécurité de l'industrie dans le développement est un sous-ensemble des directives de développement sécurisé de DEV-01.
bsi-c5-2020,S12.05,DEV-01,Policies for the development/procurement of information systems,tgv_plus_etroit,Le respect des principes d'ingénierie de la sécurité des systèmes par les développeurs est un sous-ensemble des directives de développement sécurisé de DEV-01.
bsi-c5-2020,S12.06,DEV-02,Outsourcing of the development,recoupement_partiel,La supervision de tout développement réalisé à l'externe recoupe les exigences contractuelles d'externalisation du développement de DEV-02.
bsi-c5-2020,S12.07,DEV-10,Separation of environments,tgv_plus_etroit,L'interdiction d'utiliser de l'information confidentielle de production en développement est un sous-ensemble de la séparation des environnements de DEV-10.
bsi-c5-2020,S12.08,DEV-06,Testing changes,recoupement_partiel,La stratégie de tests applicatifs recoupe les tests des changements lors du développement et du déploiement de DEV-06.
bsi-c5-2020,S13.01,OPS-18,"Managing Vulnerabilities, Malfunctions and Errors - Concept",recoupement_partiel,La prise en compte des vulnérabilités des composantes tierces et leurs mises à jour recoupe la gestion des vulnérabilités des composants d'OPS-18.
bsi-c5-2020,S13.02,SSO-02,Risk assessment of service providers and suppliers,recoupement_partiel,L'évaluation des menaces et des risques préalable au recours à un fournisseur tiers recoupe l'évaluation des risques des fournisseurs de SSO-02.
bsi-c5-2020,S13.03,SSO-03,Directory of service providers and suppliers,tgv_plus_etroit,La liste des fournisseurs précisant la nature des services fournis est un sous-ensemble du répertoire des fournisseurs de SSO-03.
bsi-c5-2020,S13.04,SSO-01,Policies and instructions for controlling and monitoring third parties,recoupement_partiel,"La liste des exigences par fournisseur (sécurité, accès, niveau de service, incidents) recoupe les politiques de contrôle et de surveillance des tiers de SSO-01."
bsi-c5-2020,S13.05,SSO-04,Monitoring of compliance with requirements,recoupement_partiel,Les processus de surveillance de la conformité des fournisseurs à leurs exigences recoupent la surveillance de la conformité aux exigences de SSO-04.
bsi-c5-2020,S13.06,SSO-01,Policies and instructions for controlling and monitoring third parties,tgv_plus_etroit,Les ententes contractuelles avec chaque fournisseur sont un sous-ensemble des politiques de contrôle contractuel des tiers de SSO-01.
bsi-c5-2020,S14.01,SSO-04,Monitoring of compliance with requirements,recoupement_partiel,L'évaluation régulière de la performance des fournisseurs recoupe la surveillance de la conformité des tiers de SSO-04.
bsi-c5-2020,S14.02,PSS-12,Locations of Data Processing and Storage,recoupement_partiel,La conformité de la localisation du PST recoupe la maîtrise des lieux de traitement et de stockage des données de PSS-12.
bsi-c5-2020,S14.03,OPS-21,Involvement of Cloud customers in the event of incidents,tgv_plus_etroit,L'arrimage du processus d'incident avec celui des clients est un sous-ensemble de l'implication des clients lors des incidents d'OPS-21.
bsi-c5-2020,S14.03,SIM-01,Policy for security incident management,recoupement_partiel,Le processus de gestion des incidents recoupe la politique de gestion des incidents de sécurité de SIM-01.
bsi-c5-2020,S14.04,SIM-03,Documentation and reporting of security incidents,recoupement_partiel,L'avertissement des clients de tout incident sur les données dans les meilleurs délais recoupe la documentation et le signalement des incidents aux clients affectes de SIM-03.
bsi-c5-2020,S15.01,OPS-21,Involvement of Cloud customers in the event of incidents,recoupement_partiel,L'engagement à collaborer avec les clients pour la prise en charge d'un incident recoupe l'implication des clients dans la résolution des incidents d'OPS-21.
bsi-c5-2020,S15.02,OPS-10,Logging and Monitoring - Concept,recoupement_partiel,La surveillance de la solution alignée sur la classification et les normes d'hébergement recoupe le concept de journalisation et de surveillance d'OPS-10.
bsi-c5-2020,S15.03,BCM-03,Planning business continuity,recoupement_partiel,L'arrimage aux mécanismes de plan de reprise gouvernementaux recoupe la planification de la continuité d'activité de BCM-03.
bsi-c5-2020,S15.04,BCM-03,Planning business continuity,recoupement_partiel,Le plan de continuité des activités de maintenance et d'exploitation correspond à la planification de la continuité d'activité de BCM-03.
bsi-c5-2020,S15.05,BCM-03,Planning business continuity,recoupement_partiel,Le plan de recouvrement après sinistre des infrastructures d'exploitation recoupe la planification de continuité et de contingence de BCM-03.
bsi-c5-2020,S16.01,BCM-04,"Verification, updating and testing of the business continuity",recoupement_partiel,"Le test périodique du plan de reprise pour vérifier son efficacité recoupe la vérification, la mise à jour et le test réguliers de la continuité de BCM-04."
bsi-c5-2020,S16.02,OPS-23,"Managing Vulnerabilities, Malfunctions and Errors - System Hardening",recoupement_partiel,La stratégie de validation de la conformité technique des composantes recoupe le durcissement des composants selon des standards reconnus d'OPS-23.
bsi-c5-2020,S16.03,OPS-19,"Managing Vulnerabilities, Malfunctions and Errors - Penetration Tests",recoupement_partiel,Le test d'intrusion administré par un prestataire indépendant reconnu recoupe les tests de pénétration par personnel qualifié interne ou externe d'OPS-19.
bsi-c5-2020,S16.04,COM-01,"Identification of applicable legal, regulatory, self-imposed or contractual requirements",tgv_plus_etroit,La garantie des droits de propriété intellectuelle du code ou l'explicitation des limitations de licence est un sous-ensemble de l'identification des exigences légales et contractuelles de COM-01.
ccb-cyberfundamentals,S01.01,BASIC_ID.RA-5.1,"The organization shall conduct risk assessments in which risk is determined by threats, vulnerabilities and impact on business processes and assets.",tgv_plus_etroit,L'évaluation des risques réalisée à la conception avant mise en production alimente l'exigence CCB de conduite d'évaluations de risques par menaces/vulnérabilités/impact.
ccb-cyberfundamentals,S01.02,IMPORTANT_ID.RA-1.2,"A process shall be established to monitor, identify, and document vulnerabilities of the organisation's business critical systems in a continuous manner.",recoupement_partiel,Le volet évaluation périodique des vulnérabilités alimente le processus de surveillance et documentation continue des vulnérabilités des systèmes critiques.
ccb-cyberfundamentals,S01.02,IMPORTANT_ID.RA-5.2,"The organization shall conduct and document risk assessments in which risk is determined by threats, vulnerabilities, impact on business processes and assets, and the likelihood of their occurrence.",tgv_plus_etroit,Les évaluations périodiques des risques DIC alimentent la conduite et la documentation d'évaluations de risques incluant la probabilité d'occurrence.
ccb-cyberfundamentals,S01.03,IMPORTANT_ID.GV-4.2,"Information security and cybersecurity risks shall be documented, formally approved, and updated when changes occur.",tgv_plus_etroit,La réévaluation approuvée par la direction et déclenchée lors de changements majeurs alimente l'approbation formelle et la mise à jour des risques.
ccb-cyberfundamentals,S02.01,BASIC_ID.GV-1.1,"Policies and procedures for information security and cyber security shall be created, documented, reviewed, approved, and updated when changes occur.",equivalent,"La politique de sécurité présentant objectifs, principes, rôles et gestion des dérogations correspond à la création/documentation/approbation des politiques de sécurité."
ccb-cyberfundamentals,S02.02,BASIC_ID.GV-1.1,"Policies and procedures for information security and cyber security shall be created, documented, reviewed, approved, and updated when changes occur.",tgv_plus_etroit,"Les normes, processus et procédures techniques établis alimentent la documentation des procédures de sécurité de l'information."
ccb-cyberfundamentals,S02.03,IMPORTANT_ID.GV-1.2,"An organization-wide information security and cybersecurity policy shall be established, documented, updated when changes occur, disseminated, and approved by senior management.",tgv_plus_etroit,"L'approbation par la direction, la communication et la mise à jour des politiques alimentent la politique de sécurité approuvée par la haute direction et diffusée."
ccb-cyberfundamentals,S02.04,BASIC_RS.RP-1.1,"An incident response process, including roles, responsibilities, and authorities, shall be executed during or after an information/cybersecurity event on the organization's critical systems.",recoupement_partiel,Le volet procédure à suivre en cas d'incident alimente le processus de réponse aux incidents exécuté lors d'un événement de sécurité.
ccb-cyberfundamentals,S03.01,IMPORTANT_ID.AM-6.1,"[KEY MEASURE] Information security and cybersecurity roles, responsibilities and authorities within the organization shall be documented, reviewed, authorized, and updated and alignment with organization-internal roles and external partners.",equivalent,"La définition des responsabilités de sécurité dans l'organisation correspond à la documentation des rôles, responsabilités et autorités de sécurité."
ccb-cyberfundamentals,S03.02,IMPORTANT_ID.AM-2.3,Individuals who are responsible and who are accountable for administering software platforms and applications within the organization shall be identified.,tgv_plus_etroit,Le responsable attitré de l'application et de ses actifs alimente l'identification des personnes responsables de l'administration des plateformes et applications.
ccb-cyberfundamentals,S03.03,IMPORTANT_PR.AC-4.6,Separation of duties (SoD) shall be ensured in the management of access rights.,tgv_plus_etroit,L'identification des tâches incompatibles et les mesures limitant l'usage inapproprié alimentent la séparation des tâches dans la gestion des droits d'accès.
ccb-cyberfundamentals,S03.04,IMPORTANT_PR.IP-2.1,The system and application development life cycle shall include security considerations.,recoupement_partiel,La méthode de gestion de projet intégrant la sécurité alimente l'intégration des considérations de sécurité dans le cycle de développement.
ccb-cyberfundamentals,S03.06,IMPORTANT_PR.AC-3.3,"[KEY MEASURE] Usage restrictions, connection requirements, implementation guidance, and authorizations for remote access to the organization’s critical systems environment shall be identified, documented and implemented.",recoupement_partiel,La politique couvrant les risques du télétravail alimente les restrictions d'usage et exigences documentées d'accès à distance.
ccb-cyberfundamentals,S04.02,BASIC_PR.AT-1.1,Employees shall be trained as appropriate.,equivalent,Le programme de sensibilisation et de formation à la sécurité pour tout le personnel correspond à la formation des employés.
ccb-cyberfundamentals,S04.03,IMPORTANT_PR.IP-11.2,"Develop and maintain a human resource information/cyber security process that is applicable when recruiting, during employment and at termination of employment.",recoupement_partiel,Informer le personnel et les contractants de leurs responsabilités et procédures alimente le processus RH de sécurité applicable durant l'emploi.
ccb-cyberfundamentals,S04.05,IMPORTANT_PR.IP-11.2,"Develop and maintain a human resource information/cyber security process that is applicable when recruiting, during employment and at termination of employment.",tgv_plus_etroit,Le rappel des obligations à l'issue de la relation d'emploi alimente le volet cessation d'emploi du processus RH de sécurité.
ccb-cyberfundamentals,S05.04,BASIC_ID.AM-1.1,"An inventory of assets associated with information and information processing facilities within the organization shall be documented, reviewed, and updated when changes occur.",tgv_plus_etroit,L'inventaire des actifs permettant l'exploitation de l'application alimente l'inventaire documenté des actifs et installations de traitement.
ccb-cyberfundamentals,S05.04,BASIC_ID.AM-2.1,"An inventory that reflects what software platforms and applications are being used in the organization shall be documented, reviewed, and updated when changes occur.",tgv_plus_etroit,L'inventaire de l'application alimente l'inventaire documenté des plateformes logicielles et applications utilisées.
ccb-cyberfundamentals,S05.05,BASIC_ID.AM-5.1,"The organization’s resources (hardware, devices, data, time, personnel, information, and software) shall be prioritized based on their classification, criticality, and business value.",tgv_plus_etroit,La classification de l'application et des actifs en DIC alimente la priorisation des ressources selon leur classification et valeur d'affaires.
ccb-cyberfundamentals,S05.06,IMPORTANT_PR.DS-3.2,"The organization shall enforce accountability for all its business-critical assets throughout the system lifecycle, including removal, transfers, and disposition.",tgv_plus_etroit,La restitution des actifs au terme du contrat alimente la responsabilité des actifs tout au long du cycle de vie incluant transferts et cessions.
ccb-cyberfundamentals,S05.07,IMPORTANT_PR.PT-2.1,The usage restriction of portable storage devices shall be ensured through an appropriate documented policy and supporting safeguards.,tgv_plus_etroit,L'encadrement des supports amovibles selon la classification de l'information alimente la restriction d'usage des supports portables par politique documentée.
ccb-cyberfundamentals,S05.08,BASIC_PR.DS-3.1,Assets and media shall be disposed of safely.,tgv_plus_etroit,La procédure de mise au rebut sécurisée des supports d'information alimente l'élimination sécuritaire des actifs et supports.
ccb-cyberfundamentals,S06.01,BASIC_PR.AC-4.1,[KEY MEASURE] Access permissions for users to the organization’s systems shall be defined and managed.,recoupement_partiel,La politique de gestion des accès de l'organisation alimente la définition et la gestion des permissions d'accès aux systèmes.
ccb-cyberfundamentals,S06.02,BASIC_PR.AC-4.2,[KEY MEASURE] It shall be identified who should have access to the organization's business's critical information and technology and the means to get access.,tgv_plus_etroit,Les règles de gestion des accès à l'application alimentent l'identification de qui doit avoir accès et des moyens d'accès.
ccb-cyberfundamentals,S06.03,BASIC_PR.AC-4.3,[KEY MEASURE] Employee access to data and information shall be limited to the systems and specific information they need to do their jobs (the principle of Least Privilege).,tgv_plus_etroit,Le contrôle limitant les accès aux seules composantes et informations spécifiquement autorisées alimente le principe du moindre privilège.
ccb-cyberfundamentals,S06.04,IMPORTANT_PR.AC-4.7,Priviliged users shall be managed and monitored.,tgv_plus_etroit,Les activités à privilèges élevés réservées à des comptes dédiés et contrôlés alimentent la gestion et la surveillance des utilisateurs privilégiés.
ccb-cyberfundamentals,S06.05,BASIC_PR.AC-1.1,[KEY MEASURE] Identities and credentials for authorized devices and users shall be managed.,tgv_plus_etroit,La gestion du niveau de complexité des mots de passe alimente la gestion des identifiants et justificatifs des utilisateurs autorisés.
ccb-cyberfundamentals,S06.06,PR.AC-1.4,"For transactions within the organization's critical systems, the organization shall implement: • multi-factor end-user authentication (MFA or ""strong authentication""). • certificate-based authentication for system-to-system communications",tgv_plus_etroit,L'obligation d'authentification multifacteur (AMF) alimente l'exigence de MFA pour les transactions sur les systèmes critiques.
ccb-cyberfundamentals,S06.07,BASIC_PR.AC-1.1,[KEY MEASURE] Identities and credentials for authorized devices and users shall be managed.,recoupement_partiel,Le mécanisme d'authentification par protocoles sécurisés modernes et fédérations d'identités alimente la gestion des identifiants et justificatifs.
ccb-cyberfundamentals,S06.09,BASIC_PR.AC-1.1,[KEY MEASURE] Identities and credentials for authorized devices and users shall be managed.,tgv_plus_etroit,La capacité de chaque utilisateur à changer son mot de passe alimente la gestion du cycle de vie des justificatifs.
ccb-cyberfundamentals,S06.10,PR.AC-6.2,"The organization shall ensure the use of unique credentials bound to each verified user, device, and process interacting with the organization's critical systems; make sure that they are authenticated, and that the unique identifiers are captured when performing system interactions.",recoupement_partiel,L'authentification des communications inter-composantes avec le minimum de privilèges alimente l'usage de justificatifs uniques authentifiés pour les processus et dispositifs.
ccb-cyberfundamentals,S06.12,IMPORTANT_PR.AC-4.5,"Where feasible, automated mechanisms shall be implemented to support the management of user accounts on the organisation's critical systems, including disabling, monitoring, reporting and deleting user accounts.",recoupement_partiel,"Les fonctionnalités facilitant la revue des accès alimentent la gestion, la surveillance et le rapport des comptes utilisateurs."
ccb-cyberfundamentals,S06.13,BASIC_PR.AC-4.1,[KEY MEASURE] Access permissions for users to the organization’s systems shall be defined and managed.,tgv_plus_etroit,La gestion des accès par profils basés sur les fonctionnalités attribuant les seuls accès nécessaires alimente la définition et gestion des permissions d'accès.
ccb-cyberfundamentals,S06.16,PR.AC-1.5,The organization’s critical systems shall be monitored for atypical use of system credentials. Credentials associated with significant risk shall be disabled.,recoupement_partiel,La désactivation d'un identifiant après cinq échecs de connexion alimente la désactivation des justificatifs associés à un risque significatif.
ccb-cyberfundamentals,S06.18,PR.AC-6.2,"The organization shall ensure the use of unique credentials bound to each verified user, device, and process interacting with the organization's critical systems; make sure that they are authenticated, and that the unique identifiers are captured when performing system interactions.",tgv_plus_etroit,L'absence de comptes génériques alimente l'exigence de justificatifs uniques liés à chaque utilisateur vérifié.
ccb-cyberfundamentals,S06.19,PR.AC-1.3,System credentials shall be deactivated after a specified period of inactivity unless it would compromise the safe operation of (critical) processes.,recoupement_partiel,La déconnexion automatique d'une session après inactivité alimente la désactivation des justificatifs système après une période d'inactivité définie.
ccb-cyberfundamentals,S06.23,PR.AC-1.5,The organization’s critical systems shall be monitored for atypical use of system credentials. Credentials associated with significant risk shall be disabled.,tgv_plus_etroit,La détection et mitigation des attaques par bourrage de justificatifs ou dictionnaire alimente la surveillance de l'usage atypique des justificatifs.
ccb-cyberfundamentals,S07.01,PR.DS-1.1,The organization shall protect its critical system information determined to be critical/ sensitive while at rest.,recoupement_partiel,Le chiffrement des données sensibles lors de leur entreposage alimente la protection des informations critiques au repos.
ccb-cyberfundamentals,S07.01,PR.DS-2.1,The organization shall protect its critical system information determined to be critical when in transit.,recoupement_partiel,Le chiffrement des données sensibles lors de leurs communications alimente la protection des informations critiques en transit.
ccb-cyberfundamentals,S07.02,PR.DS-2.1,The organization shall protect its critical system information determined to be critical when in transit.,tgv_plus_etroit,Le chiffrement et l'authentification mutuelle des communications entre composantes alimentent la protection des informations en transit.
ccb-cyberfundamentals,S08.02,BASIC_PR.AC-2.1,"Physical access to the facility, servers and network components shall be managed.",tgv_plus_etroit,"Le contrôle d'accès et les mesures de protection physiques des locaux d'hébergement alimentent la gestion de l'accès physique aux installations, serveurs et composants réseau."
ccb-cyberfundamentals,S08.03,BASIC_PR.AC-2.1,"Physical access to the facility, servers and network components shall be managed.",recoupement_partiel,Le contrôle d'accès des locaux des développeurs et du personnel de maintenance alimente la gestion de l'accès physique aux installations.
ccb-cyberfundamentals,S08.04,IMPORTANT_PR.MA-1.2,"The organization shall plan, perform and document preventive maintenance and repairs on its critical system components according to approved processes and tools.",tgv_plus_etroit,L'entretien approprié du matériel hébergeant l'application garantissant disponibilité et intégrité alimente la maintenance préventive documentée des composants critiques.
ccb-cyberfundamentals,S09.05,BASIC_PR.IP-4.1,[KEY MEASURE] Backups for organization's business critical data shall be conducted and stored on a system different from the device on which the original data resides,tgv_plus_etroit,Le système de sauvegarde à l'abri des rançongiciels alimente la réalisation de sauvegardes stockées sur un système distinct de l'original.
ccb-cyberfundamentals,S09.06,BASIC_PR.IP-4.1,[KEY MEASURE] Backups for organization's business critical data shall be conducted and stored on a system different from the device on which the original data resides,tgv_plus_etroit,Les stratégies de sauvegarde permettant une récupération complète ou partielle des données alimentent la réalisation de sauvegardes des données critiques.
ccb-cyberfundamentals,S09.07,IMPORTANT_PR.IP-3.1,Changes shall be tested and validated before being implemented into operational systems.,tgv_plus_etroit,Le processus documenté de gestion des changements alimente le contrôle des changements testés et validés avant implémentation.
ccb-cyberfundamentals,S09.09,IMPORTANT_PR.IP-12.1,The organization shall establish and maintain a documented process that allows continuous review of vulnerabilities and strategies to mitigate them.,equivalent,Le plan de gestion continue des vulnérabilités correspond au processus documenté permettant la revue continue des vulnérabilités et des stratégies de mitigation.
ccb-cyberfundamentals,S09.09,IMPORTANT_RS.AN-5.1,"[KEY MEASURE] The organization shall implement vulnerability management processes and procedures that include processing, analyzing and remedying vulnerabilities from internal and external sources.",tgv_plus_etroit,"Le plan de gestion continue des vulnérabilités alimente les processus de traitement, d'analyse et de correction des vulnérabilités provenant de sources internes et externes (mesure clé)."
ccb-cyberfundamentals,S09.10,BASIC_PR.MA-1.1,[KEY MEASURE] Patches and security updates for Operating Systems and critical system components shall be installed.,tgv_plus_etroit,L'application rapide des correctifs de sécurité de toute composante alimente l'installation des correctifs et mises à jour de sécurité.
ccb-cyberfundamentals,S10.01,BASIC_DE.CM-3.1,End point and network protection tools to monitor end-user behavior for dangerous activity shall be implemented.,recoupement_partiel,La fonction EDR de la solution alimente les outils de protection des terminaux et du réseau surveillant les comportements dangereux.
ccb-cyberfundamentals,S10.01,BASIC_DE.CM-4.1,"[KEY MEASURE] Anti-virus, -spyware, and other -malware programs shall be installed and updated.",tgv_plus_etroit,La solution de protection antivirus récente alimente l'installation et la mise à jour des programmes anti-virus et anti-malware.
ccb-cyberfundamentals,S10.02,DE.CM-4.2,The organisation shall set up a system to detect false positives while detecting and eradicating malicious code.,recoupement_partiel,La gestion des exceptions de la solution anti-maliciel (listes d'exclusion) alimente le système de détection des faux positifs lors de la détection et de l'éradication du code malveillant.
ccb-cyberfundamentals,S10.04,BASIC_PR.PT-1.1,"[KEY MEASURE] Logs shall be maintained, documented, and reviewed.",tgv_plus_etroit,"La journalisation de toute activité identifiant l'acteur, le moment et la nature de l'action alimente la tenue, la documentation et la revue des journaux."
ccb-cyberfundamentals,S10.05,IMPORTANT_DE.AE-3.2,"The organization shall ensure that event data is compiled and correlated across its critical systems using various sources such as event reports, audit monitoring, network monitoring, physical access monitoring, and user/administrator reports.",recoupement_partiel,"Les fonctionnalités de filtrage, analyse et extraction des journaux alimentent la compilation et la corrélation des données d'événements provenant de sources multiples."
ccb-cyberfundamentals,S10.06,IMPORTANT_DE.AE-5.1,The organization shall implement automated mechanisms and system generated alerts to support event detection and to assist in the identification of security alert thresholds.,tgv_plus_etroit,Les fonctionnalités d'alerte signalant comportements anormaux et incidents potentiels alimentent les mécanismes automatisés et alertes système pour la détection d'événements.
ccb-cyberfundamentals,S10.07,DE.CM-1.3,The organization shall conduct ongoing security status monitoring of its network to detect defined information/cybersecurity events and indicators of potential information/cybersecurity events.,tgv_plus_etroit,Les systèmes de détection d'intrusion alimentent la surveillance continue de l'état de sécurité du réseau pour détecter les événements.
ccb-cyberfundamentals,S11.02,PR.PT-4.3,"The organization shall manage the interface for external communication services by establishing a traffic flow policy, protecting the confidentiality and integrity of the information being transmitted; This includes the review and documenting of each exception to the traffic flow policy.",recoupement_partiel,La protection de toutes les communications entre composantes alimente la gestion de l'interface de communication protégeant la confidentialité et l'intégrité des informations transmises.
ccb-cyberfundamentals,S11.03,BASIC_PR.AC-5.2,"[KEY MEASURE] Where appropriate, network integrity of the organization's critical systems shall be protected by incorporating network segmentation and segregation.",tgv_plus_etroit,Le cloisonnement de l'environnement d'exécution compartimentant les zones alimente la protection de l'intégrité réseau par segmentation et ségrégation.
ccb-cyberfundamentals,S11.05,PR.AT-1.3,The organization shall implement an evaluation method to measure the effectiveness of the awareness trainings.,tgv_plus_etroit,Les campagnes continues de simulation d'hameçonnage alimentent la méthode d'évaluation de l'efficacité des formations de sensibilisation.
ccb-cyberfundamentals,S12.01,BASIC_PR.AT-1.1,Employees shall be trained as appropriate.,tgv_plus_etroit,"Le plan de formation en cybersécurité sur les menaces numériques, hameçonnage et rançongiciels alimente la formation appropriée des employés."
ccb-cyberfundamentals,S12.02,IMPORTANT_PR.IP-2.1,The system and application development life cycle shall include security considerations.,equivalent,La prise en compte de la sécurité à chaque étape du développement correspond à l'intégration des considérations de sécurité dans le cycle de développement.
ccb-cyberfundamentals,S12.03,PR.DS-7.1,The development and test environment(s) shall be isolated from the production environment.,equivalent,"La séparation des environnements de développement, de test et d'exploitation correspond à l'isolation des environnements de développement et de test de la production."
ccb-cyberfundamentals,S12.04,PR.IP-2.2,"The development process for critical systems and system components shall cover the full design cycle and shall provide a description of the functional properties of security controls, and design and implementation information for security-relevant system interfaces.",recoupement_partiel,Le respect des bonnes pratiques de l'industrie en matière de sécurité dans le développement alimente le processus de développement couvrant les contrôles de sécurité.
ccb-cyberfundamentals,S12.05,IMPORTANT_PR.IP-2.1,The system and application development life cycle shall include security considerations.,tgv_plus_etroit,Le respect des principes d'ingénierie de sécurité par les développeurs alimente l'intégration de la sécurité dans le cycle de développement.
ccb-cyberfundamentals,S12.06,IMPORTANT_PR.AT-3.3,The organization shall monitor business critical service providers and users for security compliance.,recoupement_partiel,La supervision de tout développement réalisé à l'externe alimente la surveillance de la conformité de sécurité des prestataires critiques.
ccb-cyberfundamentals,S12.07,PR.DS-7.1,The development and test environment(s) shall be isolated from the production environment.,recoupement_partiel,L'évitement d'information confidentielle de production dans le développement alimente l'isolation de l'environnement de développement vis-à-vis de la production.
ccb-cyberfundamentals,S12.08,IMPORTANT_PR.IP-3.1,Changes shall be tested and validated before being implemented into operational systems.,recoupement_partiel,La stratégie de tests applicatifs alimente les tests et la validation des changements avant leur implémentation en production.
ccb-cyberfundamentals,S13.01,IMPORTANT_PR.IP-12.1,The organization shall establish and maintain a documented process that allows continuous review of vulnerabilities and strategies to mitigate them.,recoupement_partiel,La prise en compte des vulnérabilités des composantes tierces et les mises à jour associées alimentent le processus de gestion des vulnérabilités.
ccb-cyberfundamentals,S13.02,IMPORTANT_ID.SC-2.1,"The organization shall conduct cyber supply chain risk assessments at least annually or when a change to the organization’s critical systems, operational environment, or supply chain occurs; These assessments shall be documented, and the results disseminated to relevant stakeholders including those responsible for ICT/OT systems.",tgv_plus_etroit,L'évaluation des menaces et des risques pour tout recours à un fournisseur tiers alimente les évaluations de risque de la chaîne d'approvisionnement.
ccb-cyberfundamentals,S13.03,ID.SC-2.2,"A documented list of all the organization’s suppliers, vendors and partners who may be involved in a major incident shall be established, kept up-to-date and made available online and offline.",equivalent,La liste des fournisseurs participant au développement et à l'exploitation avec la nature des services correspond à la liste documentée des fournisseurs et partenaires.
ccb-cyberfundamentals,S13.04,IMPORTANT_PR.AT-3.1,The organization shall establish and enforce security requirements for business-critical third-party providers and users.,tgv_plus_etroit,"La liste des exigences de sécurité, d'accès et de niveau de service par fournisseur alimente l'établissement des exigences de sécurité pour les tiers critiques."
ccb-cyberfundamentals,S13.05,IMPORTANT_ID.SC-4.1,"The organization shall review assessments of suppliers’ and third-party partner’s compliance with contractual obligations by routinely reviewing audits, test results, and other evaluations.",tgv_plus_etroit,Les processus de surveillance de la conformité des fournisseurs aux exigences alimentent la revue des audits et évaluations de conformité des fournisseurs.
ccb-cyberfundamentals,S13.06,IMPORTANT_ID.SC-3.1,"Based on the results of the cyber supply chain risk assessment, a contractual framework for suppliers and external partners shall be established to address sharing of sensitive information and distributed and interconnected ICT/OT products and services.",tgv_plus_etroit,Les ententes contractuelles avec chaque fournisseur alimentent le cadre contractuel établi pour les fournisseurs et partenaires externes.
ccb-cyberfundamentals,S14.01,PR.AT-3.4,The organization shall audit business-critical external service providers for security compliance.,recoupement_partiel,L'évaluation régulière de la performance des fournisseurs alimente l'audit de conformité de sécurité des prestataires externes critiques.
ccb-cyberfundamentals,S14.03,BASIC_RS.RP-1.1,"An incident response process, including roles, responsibilities, and authorities, shall be executed during or after an information/cybersecurity event on the organization's critical systems.",recoupement_partiel,Le processus de gestion des incidents arrimé avec celui des clients alimente le processus de réponse aux incidents exécuté lors d'un événement.
ccb-cyberfundamentals,S14.04,IMPORTANT_RS.CO-3.2,The organization shall share information/cybersecurity incident information with relevant stakeholders as foreseen in the incident response plan.,tgv_plus_etroit,L'avertissement des clients de tout incident sur les données selon un processus établi alimente le partage de l'information d'incident avec les parties prenantes.
ccb-cyberfundamentals,S15.01,IMPORTANT_RS.CO-4.1,The organization shall coordinate information/cybersecurity incident response actions with all predefined stakeholders.,recoupement_partiel,L'engagement à collaborer avec les clients pour la prise en charge d'un incident alimente la coordination de la réponse aux incidents avec les parties prenantes.
ccb-cyberfundamentals,S15.03,BASIC_RC.RP-1.1,A recovery process for disasters and information/cybersecurity incidents shall be developed and executed as appropriate.,tgv_plus_etroit,Les mécanismes de plan de reprise alimentent le processus de récupération développé et exécuté pour les sinistres et incidents.
ccb-cyberfundamentals,S15.04,IMPORTANT_PR.IP-9.1,"Incident response plans (Incident Response and Business Continuity) and recovery plans (Incident Recovery and Disaster Recovery) shall be established, maintained, approved, and tested to determine the effectiveness of the plans, and the readiness to execute the plans.",tgv_plus_etroit,Le plan de continuité des activités alimente l'établissement des plans de réponse et de récupération incluant la continuité des affaires.
ccb-cyberfundamentals,S15.05,IMPORTANT_PR.IP-9.1,"Incident response plans (Incident Response and Business Continuity) and recovery plans (Incident Recovery and Disaster Recovery) shall be established, maintained, approved, and tested to determine the effectiveness of the plans, and the readiness to execute the plans.",tgv_plus_etroit,Le plan de recouvrement après sinistre chapeautant les infrastructures alimente l'établissement des plans de récupération après sinistre.
ccb-cyberfundamentals,S16.01,IMPORTANT_PR.IP-9.1,"Incident response plans (Incident Response and Business Continuity) and recovery plans (Incident Recovery and Disaster Recovery) shall be established, maintained, approved, and tested to determine the effectiveness of the plans, and the readiness to execute the plans.",recoupement_partiel,Le test périodique du plan de reprise pour vérifier son efficacité alimente le test des plans de réponse et de récupération.
ccb-cyberfundamentals,S16.02,IMPORTANT_DE.CM-8.1,The organization shall monitor and scan for vulnerabilities in its critical systems and hosted applications ensuring that system functions are not adversely impacted by the scanning process.,recoupement_partiel,La stratégie de validation de la conformité technique des composantes alimente la surveillance et l'analyse des vulnérabilités des systèmes critiques.
ccb-cyberfundamentals,S16.03,ID.RA-1.3,"To ensure that organization's operations are not adversely impacted by the testing process, performance/load testing and penetration testing on the organization’s systems shall be conducted with care.",tgv_plus_etroit,Le test d'intrusion administré par un prestataire indépendant alimente la conduite maîtrisée de tests d'intrusion sur les systèmes de l'organisation.
eu-ai-act,IA10,15.3,The levels of accuracy and the relevant accuracy metrics of high-risk AI systems shall be declared in the accompanying instructions of use.,recoupement_partiel,"La stratégie d'évaluation avec métriques, faux positifs et faux négatifs alimente la déclaration des niveaux et métriques d'exactitude dans la notice (art. 15.3)."
eu-ai-act,IA12,15.5,"High-risk AI systems shall be resilient against attempts by unauthorised third parties to alter their use, outputs or performance by exploiting system vulnerabilities.",tgv_plus_etroit,Les tests d'injection de requêtes malveillantes alimentent la résilience aux tentatives de tiers d'altérer les sorties en exploitant les vulnérabilités (art. 15.5).
eu-ai-act,IA13,13.3.b.v,"when appropriate, its performance regarding specific persons or groups of persons on which the system is intended to be used;",recoupement_partiel,Documenter l'utilisation envisagée et les groupes devant être présents recoupe l'information sur la performance à l'égard des groupes visés par l'art. 13.3.b.v.
eu-ai-act,IA14,13.3.b.iii,"any known or foreseeable circumstance, related to the use of the high-risk AI system in accordance with its intended purpose or under conditions of reasonably foreseeable misuse, which may lead to risks to the health and safety or fundamental rights referred to in Article 9(2);",tgv_plus_etroit,Documenter les limitations et mises en garde à surveiller alimente l'information sur les circonstances prévisibles pouvant engendrer des risques (art. 13.3.b.iii).
eu-ai-act,IA15,10.2.g,"appropriate measures to detect, prevent and mitigate possible biases identified according to point (f);",recoupement_partiel,"Les mesures d'identification, contrôle, atténuation et suivi des biais correspondent aux mesures de détection, prévention et atténuation des biais de l'art. 10.2.g."
eu-ai-act,IA16,13.3.b.iii,"any known or foreseeable circumstance, related to the use of the high-risk AI system in accordance with its intended purpose or under conditions of reasonably foreseeable misuse, which may lead to risks to the health and safety or fundamental rights referred to in Article 9(2);",tgv_plus_etroit,Documenter les utilisations non recommandées et conditions à éviter alimente l'information sur le mauvais usage raisonnablement prévisible (art. 13.3.b.iii).
eu-ai-act,IA17,10.2.b,"data collection processes and the origin of data, and in the case of personal data, the original purpose of the data collection;",recoupement_partiel,"Identifier dans une liste accessible les jeux de données d'entraînement, validation et test recoupe la documentation de la collecte et de l'origine des données (art. 10.2.b)."
eu-ai-act,IA18,11.1,"The technical documentation of a high-risk AI system shall be drawn up before that system is placed on the market or put into service and shall be kept up-to date. The technical documentation shall be drawn up in such a way as to demonstrate that the high-risk AI system complies with the requirements set out in this Section and to provide national competent authorities and notified bodies with the necessary information in a clear and comprehensive form to assess the compliance of the AI system with those requirements. It shall contain, at a minimum, the elements set out in Annex IV. SMEs, including start-ups, may provide the elements of the technical documentation specified in Annex IV in a simplified manner. For this purpose, the Commission shall establish a simplified technical documentation form targeted at the needs of small and microenterprises. Where an SME, including a start-up, opts to provide the information required in Annex IV in a simplified manner, it shall use the form referred to in this paragraph. Notified bodies shall accept the form for the purposes of the conformity assessment.",tgv_plus_etroit,Mentionner les types d'IA employés fait partie de la documentation technique décrivant le système exigée à l'art. 11.1 (annexe IV).
eu-ai-act,IA22,72.1,Providers shall establish and document a post-market monitoring system in a manner that is proportionate to the nature of the AI technologies and the risks of the high-risk AI system.,recoupement_partiel,Le processus d'évaluation continue après implantation tenant compte des risques correspond au système de surveillance après commercialisation à établir et documenter (art. 72.1).
eu-ai-act,IA24,11.1,"The technical documentation of a high-risk AI system shall be drawn up before that system is placed on the market or put into service and shall be kept up-to date. The technical documentation shall be drawn up in such a way as to demonstrate that the high-risk AI system complies with the requirements set out in this Section and to provide national competent authorities and notified bodies with the necessary information in a clear and comprehensive form to assess the compliance of the AI system with those requirements. It shall contain, at a minimum, the elements set out in Annex IV. SMEs, including start-ups, may provide the elements of the technical documentation specified in Annex IV in a simplified manner. For this purpose, the Commission shall establish a simplified technical documentation form targeted at the needs of small and microenterprises. Where an SME, including a start-up, opts to provide the information required in Annex IV in a simplified manner, it shall use the form referred to in this paragraph. Notified bodies shall accept the form for the purposes of the conformity assessment.",tgv_plus_etroit,"La description de l'architecture, des concepts, approches et techniques de traitement des données et des modèles constitue un contenu central de la documentation technique (art. 11.1)."
eu-ai-act,IA25,13.2,"High-risk AI systems shall be accompanied by instructions for use in an appropriate digital format or otherwise that include concise, complete, correct and clear information that is relevant, accessible and comprehensible to deployers.",tgv_plus_etroit,La formation ou le document permettant à l'utilisateur de comprendre le fonctionnement et son rôle de vérificateur alimente la notice d'utilisation claire et compréhensible (art. 13.2).
eu-ai-act,IA25,14.4.b,"to remain aware of the possible tendency of automatically relying or over-relying on the output produced by a high-risk AI system (‘automation bias’), in particular for high-risk AI systems used to provide information or recommendations for decisions to be taken by natural persons;",recoupement_partiel,"La formation ou le document amenant l'utilisateur à comprendre son rôle de vérificateur critique des résultats alimente l'exigence que la personne exerçant la supervision reste consciente de la tendance à la sur-confiance envers la sortie (biais d'automatisation, art. 14.4.b), dimension non couverte par le mapping vers 13.2."
eu-ai-act,IA27,10.2.c,"relevant data-preparation processing operations, such as annotation, labelling, cleaning, updating, enrichment and aggregation;",recoupement_partiel,Documenter les méthodes et critères d'anonymisation ou de dépersonnalisation recoupe la documentation des opérations de préparation des données (art. 10.2.c).
eu-ai-act,IA28,9.2.d,the adoption of appropriate and targeted risk management measures designed to address the risks identified pursuant to point (a) .,tgv_plus_etroit,Vulgariser les mesures d'atténuation des risques de la SARIA présuppose et documente l'adoption des mesures de gestion des risques ciblées de l'art. 9.2.d.
eu-ai-act,IA3,13.1,High-risk AI systems shall be designed and developed in such a way as to ensure that their operation is sufficiently transparent to enable deployers to interpret a system’s output and use it appropriately. An appropriate type and degree of transparency shall be ensured with a view to achieving compliance with the relevant obligations of the provider and deployer set out in Section 3.,tgv_plus_etroit,"Établir les raisons, facteurs et paramètres régissant la décision automatisée alimente l'exigence de transparence permettant d'interpréter la sortie du système (art. 13.1)."
eu-ai-act,IA30,14.1,"High-risk AI systems shall be designed and developed in such a way, including with appropriate human-machine interface tools, that they can be effectively overseen by natural persons during the period in which they are in use.",tgv_plus_etroit,Décrire les modalités de contrôle et de surveillance des agents autonomes alimente la conception permettant une supervision humaine effective (art. 14.1).
eu-ai-act,IA31,10.3,"Training, validation and testing data sets shall be relevant, sufficiently representative, and to the best extent possible, free of errors and complete in view of the intended purpose. They shall have the appropriate statistical properties, including, where applicable, as regards the persons or groups of persons in relation to whom the high-risk AI system is intended to be used. Those characteristics of the data sets may be met at the level of individual data sets or at the level of a combination thereof.",recoupement_partiel,Documenter la représentativité des données synthétiques utilisées recoupe l'exigence de jeux de données suffisamment représentatifs (art. 10.3).
eu-ai-act,IA32,10.2,"Training, validation and testing data sets shall be subject to data governance and management practices appropriate for the intended purpose of the high-risk AI system. Those practices shall concern in particular:",tgv_plus_etroit,"Documenter la méthodologie d'obtention de jeux distincts pour entraînement, validation et test alimente les pratiques de gouvernance des données de l'art. 10.2."
eu-ai-act,IA35,72.2,"The post-market monitoring system shall actively and systematically collect, document and analyse relevant data which may be provided by deployers or which may be collected through other sources on the performance of high-risk AI systems throughout their lifetime, and which allow the provider to evaluate the continuous compliance of AI systems with the requirements set out in Chapter III, Section 2. Where relevant, post- market monitoring shall include an analysis of the interaction with other AI systems. This obligation shall not cover sensitive operational data of deployers which are law- enforcement authorities.",recoupement_partiel,Communiquer à l'acquéreur tout nouveau risque issu de la SARIA recoupe la collecte et l'analyse systématiques des données de performance par la surveillance après commercialisation (art. 72.2).
eu-ai-act,IA36,10.3,"Training, validation and testing data sets shall be relevant, sufficiently representative, and to the best extent possible, free of errors and complete in view of the intended purpose. They shall have the appropriate statistical properties, including, where applicable, as regards the persons or groups of persons in relation to whom the high-risk AI system is intended to be used. Those characteristics of the data sets may be met at the level of individual data sets or at the level of a combination thereof.",recoupement_partiel,S'engager à ne pas utiliser de jeux de données corrompus ou d'intégrité compromise recoupe l'exigence de données exemptes d'erreurs et complètes (art. 10.3).
eu-ai-act,IA37,15.5,"High-risk AI systems shall be resilient against attempts by unauthorised third parties to alter their use, outputs or performance by exploiting system vulnerabilities.",tgv_plus_etroit,Surveiller les événements pouvant corrompre l'intégrité des données d'entraînement alimente la résilience contre l'empoisonnement des données prévue à l'art. 15.5.
eu-ai-act,IA38,10.2.b,"data collection processes and the origin of data, and in the case of personal data, the original purpose of the data collection;",recoupement_partiel,"Avoir acquis les droits sur les jeux de données, notamment de renseignements personnels, recoupe la documentation de l'origine et de la finalité initiale des données (art. 10.2.b)."
eu-ai-act,IA4,26.11,"Without prejudice to Article 50 of this Regulation, deployers of high-risk AI systems referred to in Annex III that make decisions or assist in making decisions related to natural persons shall inform the natural persons that they are subject to the use of the high-risk AI system. For high-risk AI systems used for law enforcement purposes Article 13 of Directive (EU) 2016/680 shall apply.",recoupement_partiel,Informer la personne que la décision repose sur un traitement automatisé recoupe l'obligation du déployeur d'aviser les personnes soumises à un système d'IA à haut risque (art. 26.11).
eu-ai-act,IA45,14.4.e,to intervene in the operation of the high-risk AI system or interrupt the system through a ‘stop’ button or a similar procedure that allows the system to come to a halt in a safe state.,tgv_plus_etroit,La fonction permettant d'inhiber l'appel aux modèles en cas de défaillance ou de refus correspond au bouton d'arrêt permettant d'interrompre le système (art. 14.4.e).
eu-ai-act,IA47,12.1,High-risk AI systems shall technically allow for the automatic recording of events (‘logs’) over their lifetime.,tgv_plus_etroit,"Journaliser et retracer les accès, décisions et réactions des utilisateurs alimente l'enregistrement automatique des événements (journaux) exigé à l'art. 12.1."
eu-ai-act,IA48,26.6,"Deployers of high-risk AI systems shall keep the logs automatically generated by that high-risk AI system to the extent such logs are under their control, for a period appropriate to the intended purpose of the high-risk AI system, of at least six months, unless provided otherwise in applicable Union or national law, in particular in Union law on the protection of personal data.",recoupement_partiel,Conserver les journaux pour la période ou les décisions peuvent être contestées en cour recoupe la conservation des journaux par le déployeur pour une durée appropriée (art. 26.6).
eu-ai-act,IA5,13.3.b.iv,"where applicable, the technical capabilities and characteristics of the high- risk AI system to provide information that is relevant to explain its output;",recoupement_partiel,Fournir sur demande les renseignements et facteurs ayant mené à la décision suppose les capacités techniques d'explication de la sortie exigées par l'art. 13.3.b.iv.
eu-ai-act,IA51,12.2,"In order to ensure a level of traceability of the functioning of a high-risk AI system that is appropriate to the intended purpose of the system, logging capabilities shall enable the recording of events relevant for:",recoupement_partiel,Journaliser les données d'utilisation et résultats accessibles à l'acquéreur alimente le niveau de traçabilité du fonctionnement adapte au but prévu (art. 12.2).
eu-ai-act,IA53,13.3.b.iv,"where applicable, the technical capabilities and characteristics of the high- risk AI system to provide information that is relevant to explain its output;",tgv_plus_etroit,Composer la décision finale de résultats intermédiaires consultables alimente les capacités techniques d'explication de la sortie (art. 13.3.b.iv).
eu-ai-act,IA56,15.4,"High-risk AI systems shall be as resilient as possible regarding errors, faults or inconsistencies that may occur within the system or the environment in which the system operates, in particular due to their interaction with natural persons or other systems. Technical and organisational measures shall be taken towards this regard.",tgv_plus_etroit,Encadrer l'adaptation par apprentissage continu de la SARIA répond à l'exigence de réduire le risque de boucles de rétroaction des systèmes qui continuent d'apprendre (art. 15.4).
eu-ai-act,IA58,26.5,"Deployers shall monitor the operation of the high-risk AI system on the basis of the instructions for use and, where relevant, inform providers in accordance with Article 72. Where deployers have reason to consider that the use of the high-risk AI system in accordance with the instructions may present a risk within the meaning of Article 79(1), they shall, without undue delay, inform the provider or distributor and the relevant market surveillance authority, and shall suspend the use of that system. Where deployers have identified a serious incident, they shall also immediately inform first the provider, and then the importer or distributor and the relevant market surveillance authorities of that incident. If the deployer is not able to reach the provider, Article 73 shall apply mutatis mutandis. This obligation shall not cover sensitive operational data of deployers of AI systems which are law enforcement authorities.",recoupement_partiel,Signaler et extraire les résultats inadéquats recoupe l'obligation du déployeur de surveiller le fonctionnement et d'informer le fournisseur (art. 26.5).
eu-ai-act,IA59,14.4.a,"to properly understand the relevant capacities and limitations of the high-risk AI system and be able to duly monitor its operation, including in view of detecting and addressing anomalies, dysfunctions and unexpected performance ;",recoupement_partiel,Présenter les limitations et mises en garde dans les écrans aide l'utilisateur à comprendre les capacités et limites et à surveiller le système (art. 14.4.à).
eu-ai-act,IA60,14.4.d,"to decide, in any particular situation, not to use the high-risk AI system or to otherwise disregard, override or reverse the output of the high-risk AI system;",tgv_plus_etroit,Amener l'utilisateur à comprendre qu'il peut ne pas utiliser la SARIA ou refuser une recommandation correspond à la faculté de ne pas recourir au système ou d'écarter sa sortie (art. 14.4.d).
eu-ai-act,IA61,14.1,"High-risk AI systems shall be designed and developed in such a way, including with appropriate human-machine interface tools, that they can be effectively overseen by natural persons during the period in which they are in use.",tgv_plus_etroit,Placer l'utilisateur en contrôle des résultats sans que la SARIA puisse altérer ses validations concrétise la supervision humaine effective de l'art. 14.1.
eu-ai-act,IA62,13.1,High-risk AI systems shall be designed and developed in such a way as to ensure that their operation is sufficiently transparent to enable deployers to interpret a system’s output and use it appropriately. An appropriate type and degree of transparency shall be ensured with a view to achieving compliance with the relevant obligations of the provider and deployer set out in Section 3.,tgv_plus_etroit,Aider l'utilisateur à comprendre ce que fait le modèle et quelles données et paramètres sont pris en compte alimente la transparence permettant d'interpréter la sortie (art. 13.1).
eu-ai-act,IA62,14.4.c,"to correctly interpret the high-risk AI system’s output, taking into account, for example, the interpretation tools and methods available;",tgv_plus_etroit,"Aider l'utilisateur à comprendre ce que fait le modèle et quelles données, paramètres ou contexte sont pris en compte pour la décision alimente directement la capacité à interpréter correctement la sortie du système (art. 14.4.c), exigence de supervision distincte de la transparence de conception (13.1)."
eu-ai-act,IA65,14.1,"High-risk AI systems shall be designed and developed in such a way, including with appropriate human-machine interface tools, that they can be effectively overseen by natural persons during the period in which they are in use.",tgv_plus_etroit,Intégrer des modalités de contrôle et de surveillance des agents autonomes dans la SARIA concrétise la conception permettant une supervision humaine (art. 14.1).
eu-ai-act,IA66,15.4,"High-risk AI systems shall be as resilient as possible regarding errors, faults or inconsistencies that may occur within the system or the environment in which the system operates, in particular due to their interaction with natural persons or other systems. Technical and organisational measures shall be taken towards this regard.",tgv_plus_etroit,Les points de contrôle des appels externes et la stratégie de continuation en cas de défaillance alimentent la résilience aux erreurs et défaillances de l'art. 15.4.
eu-ai-act,IA68,5.1.a,"the placing on the market, the putting into service or the use of an AI system that deploys subliminal techniques beyond a person’s consciousness or purposefully manipulative or deceptive techniques, with the objective, or the effect of, materially distorting the behaviour of a person or a group of persons by appreciably impairing their ability to make an informed decision, thereby causing a person to take a decision that that person would not have otherwise taken in a manner that causes or is likely to cause that person, another person or group of persons significant harm;",tgv_plus_etroit,Interdire tout élément servant de déclencheur d'associations ou d'actions commanditées relève de la prohibition des techniques manipulatrices ou trompeuses de l'art. 5.1.à.
eu-ai-act,IA69,5.1.a,"the placing on the market, the putting into service or the use of an AI system that deploys subliminal techniques beyond a person’s consciousness or purposefully manipulative or deceptive techniques, with the objective, or the effect of, materially distorting the behaviour of a person or a group of persons by appreciably impairing their ability to make an informed decision, thereby causing a person to take a decision that that person would not have otherwise taken in a manner that causes or is likely to cause that person, another person or group of persons significant harm;",tgv_plus_etroit,L'interdiction de toute technique subliminale dans la SARIA correspond à la pratique prohibée des techniques subliminales de l'art. 5.1.à.
eu-ai-act,IA7,14.1,"High-risk AI systems shall be designed and developed in such a way, including with appropriate human-machine interface tools, that they can be effectively overseen by natural persons during the period in which they are in use.",tgv_plus_etroit,Permettre la révision de la décision par un humain est une modalité concrète de la supervision humaine effective exigée par l'art. 14.1.
eu-ai-act,IA8,10.2.f,"examination in view of possible biases that are likely to affect the health and safety of persons, have a negative impact on fundamental rights or lead to discrimination prohibited under Union law, especially where data outputs influence inputs for future operations;",recoupement_partiel,Le processus d'essais identifiant les différences de comportement selon les groupes sociaux correspond à l'examen des biais possibles de l'art. 10.2.f.
eu-ai-act,IA9,9.6,High-risk AI systems shall be tested for the purpose of identifying the most appropriate and targeted risk management measures. Testing shall ensure that high-risk AI systems perform consistently for their intended purpose and that they are in compliance with the requirements set out in this Section.,tgv_plus_etroit,Les essais établissant l'adéquation à l'utilisation envisagée alimentent les tests garantissant une performance conforme au but prévu (art. 9.6).
hds-v2,P09.04,[EXI 05],c. Traçabilité et imputabilité des accès ;,recoupement_partiel,La journalisation de l'ensemble des accès aux renseignements personnels (P09.04) fournit les traces nominatives assurant la traçabilité et l'imputabilité des accès aux DSCP attendues par HDS (EXI 05 D-c).
hds-v2,S04.02,[EXI 10],"Les personnels travaillant pour l’Hébergeur doivent être sensibilisés à la criticité en termes de disponibilité, de confidentialité et d’intégrité des DSCP hébergées.",recoupement_partiel,Le programme de sensibilisation/formation à la sécurité (S04.02) fournit la preuve de sensibilisation du personnel exigée par HDS (EXI 10) sur la criticité DIC des données de santé.
hds-v2,S05.07,[EXI 05],a. De copie des DSCP sur des supports portables ;,recoupement_partiel,L'encadrement de l'utilisation des supports amovibles (S05.07) traite le risque HDS de perte de contrôle par copie des DSCP sur supports portables (EXI 05 B-à).
hds-v2,S05.08,[EXI 05],c. De réallocation des espaces de stockage.,recoupement_partiel,La procédure de mise au rebut sécurisée des supports (S05.08) traite le risque HDS de perte de contrôle lors de la réallocation des espaces de stockage / rémanence des données (EXI 05 B-c).
hds-v2,S06.14,[EXI 05],"a. Attribution, modification et retrait des droits d’accès ;",recoupement_partiel,"Les fonctionnalités de gestion des accès de l'application (S06.14) traitent le risque HDS lié à l'attribution, la modification et le retrait des droits d'accès (EXI 05 D-à)."
hds-v2,S08.02,[EXI 05],A. Défaillance des supports matériels de l’information due à des menaces physiques et environnementales.,recoupement_partiel,Le contrôle d'accès et la protection physique des locaux hébergeant les composantes (S08.02) traitent le risque HDS de défaillance des supports matériels due aux menaces physiques/environnementales (EXI 05 A).
hds-v2,S10.04,[EXI 05],c. Traçabilité et imputabilité des accès ;,tgv_plus_large,La journalisation nominative et horodatée de toute activité (S10.04) couvre et dépasse la traçabilité et l'imputabilité des accès attendues par HDS (EXI 05 D-c).
hds-v2,S10.05,[EXI 15],L’Hébergeur doit permettre au client de consulter les traces d’accès aux DSCP portées par des ressources spécifiques ou auxdites ressources par les personnels sous son contrôle ;,recoupement_partiel,Les fonctions de filtrage/extraction/restitution des journaux (S10.05) alimentent la capacité HDS à permettre au client de consulter les traces d'accès aux DSCP (EXI 15).
hds-v2,S11.02,[EXI 05],"C. Dégradation, compromission ou rupture d’un flux d’information interne ou externe sous la responsabilité de l’Hébergeur.",recoupement_partiel,La protection des communications entre composantes (S11.02) traite le risque HDS de dégradation/compromission/rupture d'un flux d'information (EXI 05 C).
hds-v2,S13.05,[EXI 06],"En cas de recours à la sous-traitance, l’Hébergeur doit s’assurer qu’il maîtrise les changements des mesures techniques et organisationnelles de ses sous-traitants permettant de traiter les risques identifiés.",recoupement_partiel,Les processus de surveillance de la conformité des fournisseurs (S13.05) alimentent la maîtrise des changements des mesures des sous-traitants exigée par HDS (EXI 06).
hds-v2,S15.05,[EXI 05],"G. Défaillances matérielles ou logicielles, avec incapacité à respecter les engagements de continuité ou de reprise d’activité.",recoupement_partiel,Le plan de recouvrement après sinistre (S15.05) traite le risque HDS de défaillance matérielle/logicielle avec incapacité de reprise d'activité (EXI 05 G).
hds-v2,S16.03,[EXI 15],"Sur demande du client, l’Hébergeur doit lui communiquer la synthèse managériale d’un rapport d’audit technique portant sur les ressources mutualisées dans le cadre du service. Cet audit doit être réalisé par un auditeur indépendant et dater de moins de trois ans ;",recoupement_partiel,Le test d'intrusion réalisé par un prestataire indépendant reconnu (S16.03) produit le rapport d'audit technique indépendant dont HDS exige la communication au client (EXI 15).
hipaa-nist-800-66,P01.01,164.316(a),1. Create and Deploy Policies and Procedures,recoupement_partiel,La politique de protection des renseignements personnels fournit une preuve partielle des politiques et procédures documentées exigées par 164.316(a) pour protéger les renseignements de santé.
hipaa-nist-800-66,P01.02,164.316(a),1. Create and Deploy Policies and Procedures,recoupement_partiel,"Les politiques, processus et procédures encadrant la PRP alimentent l'exigence HIPAA de politiques et procédures raisonnables et appropriées documentées (164.316(a))."
hipaa-nist-800-66,P01.05,164.316(a),1. Create and Deploy Policies and Procedures,recoupement_partiel,"Des politiques détaillant la collecte, la conservation, la communication et la destruction des renseignements constituent une preuve partielle des politiques documentées exigées par 164.316(a)."
hipaa-nist-800-66,P03.02,164.308(a)(1),Implementation Specification (Required),recoupement_partiel,L'analyse continue des risques d'atteinte à la vie privée couvre partiellement l'analyse des risques de confidentialité des ePHI exigée par 164.308(a)(1)(ii)(A).
hipaa-nist-800-66,P04.01,164.308(a)(1),Implementation Specification (Required),recoupement_partiel,"Le mécanisme d'ÉFVP documente les risques et mesures d'atténuation touchant la confidentialité des renseignements de santé, alimentant l'analyse de risques 164.308(a)(1)(ii)(A)."
hipaa-nist-800-66,P04.02,164.308(a)(1),Implementation Specification (Required),recoupement_partiel,Une ÉFVP complète et documentée constitue une preuve partielle d'analyse de risques exhaustive et documentée au sens de 164.308(a)(1)(ii)(A).
hipaa-nist-800-66,P05.01,164.308(a)(5),5. Implement the Training,recoupement_partiel,La sensibilisation du personnel à la protection de la vie privée et aux bonnes pratiques alimente partiellement le programme de formation et de sensibilisation exigé par 164.308(a)(5).
hipaa-nist-800-66,P07.01,164.308(b)(1),3. Written Contract or Other Arrangement,recoupement_partiel,Les exigences de protection des renseignements personnels imposées contractuellement aux partenaires alimentent les garanties écrites de type BAA exigées par 164.308(b)/164.314(a).
hipaa-nist-800-66,P08.03,164.308(a)(1),1. Identify all ePHI and Relevant Information Systems,recoupement_partiel,La capacité de connaître et consigner la provenance des renseignements personnels alimente l'identification des points d'entrée et des flux d'ePHI dans le système.
hipaa-nist-800-66,P08.06,164.312(b),1. Determine the Activities that Will Be Tracked or Audited,recoupement_partiel,La traçabilité et le marquage des renseignements DSQ tout au long de leur cycle de vie alimentent la définition de la portée des contrôles d'audit sur les ePHI (164.312(b)).
hipaa-nist-800-66,P08.07,164.312(e)(1),1. Identify Any Possible Unauthorized Sources that May Be Able to Intercept and/or Modify the Information,recoupement_partiel,L'identification et la traçabilité de toute communication entrante ou sortante de renseignements personnels alimentent l'identification des chemins de transmission des ePHI (164.312(e)).
hipaa-nist-800-66,P09.01,164.312(a),2. Identify Technical Access Control Capabilities,recoupement_partiel,La gestion des accès par profils selon le moindre privilège alimente les contrôles d'accès techniques limitant l'accès aux ePHI aux seules autorisations accordées (164.312(a)(1)).
hipaa-nist-800-66,P09.02,164.312(d),3. Select and Implement Authentication Options,recoupement_partiel,Les mécanismes d'authentification proportionnés à la sensibilité des renseignements alimentent l'exigence d'authentification des personnes et entités (164.312(d)).
hipaa-nist-800-66,P09.03,164.308(a)(4),2. Implement Policies and Procedures for Authorizing Access,recoupement_partiel,L'application du principe de nécessité (besoin de connaître) à chaque accès alimente les politiques d'octroi d'accès aux ePHI fondées sur le besoin (164.308(a)(4)(ii)(B)).
hipaa-nist-800-66,P09.04,164.312(b),5. Implement the Audit/System Activity Review Process,tgv_plus_etroit,La journalisation de l'ensemble des accès aux renseignements personnels est comprise dans l'activation de la journalisation et de l'audit de l'activité des systèmes contenant des ePHI (164.312(b)).
hipaa-nist-800-66,P09.05,164.308(a)(3),2. Establish Clear Job Descriptions and Responsibilities,recoupement_partiel,"Le lien documenté entre renseignements, types d'accès, tâches et profils alimente l'identification écrite de qui peut consulter, modifier ou stocker les ePHI et dans quelles circonstances."
hipaa-nist-800-66,P09.06,164.308(a)(1),7. Develop and Deploy the Information System Activity Review Process,recoupement_partiel,Des journaux d'accès exploitables par des outils de gestion alimentent la revue régulière de l'activité des systèmes d'information (164.308(a)(1)(ii)(D)).
hipaa-nist-800-66,P09.07,164.312(a),2. Identify Technical Access Control Capabilities,tgv_plus_etroit,La restriction d'accès selon des plages horaires est un contrôle d'accès technique spécifique compris dans l'exigence générale de limitation technique de l'accès aux ePHI (164.312(a)(1)).
hipaa-nist-800-66,P09.08,164.312(a),2. Identify Technical Access Control Capabilities,tgv_plus_etroit,Le contrôle renforcé des accès à privilèges élevés est une facette des contrôles d'accès techniques limitant l'accès aux ePHI selon les autorisations accordées (164.312(a)(1)).
hipaa-nist-800-66,P09.09,164.312(c),1. Identify All Users Who Have Been Authorized to Access ePHI,recoupement_partiel,La restriction des mises à jour aux personnes autorisées avec consignation de l'origine alimente l'identification des utilisateurs approuvés pouvant modifier les ePHI (164.312(c)).
hipaa-nist-800-66,P09.11,164.312(a),2. Identify Technical Access Control Capabilities,recoupement_partiel,Le mécanisme vérifiant les restrictions d'accès applicables à un demandeur démontre une capacité de contrôle d'accès technique granulaire aux renseignements de santé (164.312(a)(1)).
hipaa-nist-800-66,P10.01,164.308(a)(3),2. Establish Clear Job Descriptions and Responsibilities,recoupement_partiel,"La définition des rôles et responsabilités du personnel pour la protection des renseignements tout au long du cycle de vie alimente la définition des rôles, responsabilités et niveaux d'accès par fonction."
hipaa-nist-800-66,P10.03,164.308(a)(1),Implementation Specification (Required),recoupement_partiel,Les mesures de sécurité protégeant les renseignements personnels de santé sur tout leur cycle de vie alimentent l'exigence de mesures réduisant les risques à un niveau raisonnable (164.308(a)(1)(ii)(B)).
hipaa-nist-800-66,P10.04,164.312(b),5. Implement the Audit/System Activity Review Process,recoupement_partiel,La journalisation de toute activité relative à chaque renseignement personnel sur son cycle de vie alimente la mise en oeuvre des contrôles d'audit sur les systèmes contenant des ePHI (164.312(b)).
hipaa-nist-800-66,P10.05,164.308(a)(1),Implementation Specification (Required),recoupement_partiel,La protection adéquate des renseignements personnels lors de leur archivage constitue une mesure de sécurité réduisant les risques pesant sur les ePHI stockés (164.308(a)(1)(ii)(B)).
hipaa-nist-800-66,P10.06,164.310(d),Implementation Specification (Required),recoupement_partiel,Le mécanisme de destruction des renseignements personnels à l'accomplissement de la finalité alimente les politiques de disposition finale des ePHI et des supports (164.310(d)(2)(i)).
hipaa-nist-800-66,P10.08,164.310(d),1. Implement Methods for the Final Disposal of ePHI,recoupement_partiel,La destruction irréversible incluant toutes les copies alimente l'exigence que les ePHI éliminés soient correctement détruits et ne puissent être recréés (164.310(d)(2)(i)).
hipaa-nist-800-66,P11.03,164.308(a)(4),2. Implement Policies and Procedures for Authorizing Access,recoupement_partiel,La minimisation des personnes à qui les renseignements sont divulgués alimente les politiques d'octroi d'accès restreignant l'accès aux ePHI au besoin d'affaires (164.308(a)(4)(ii)(B)).
hipaa-nist-800-66,P11.08,164.312(e)(1),2. Develop and Implement Transmission Security Policy and Procedures,recoupement_partiel,Le contrôle des extractions et communications de renseignements avec mesures de confidentialité alimente les exigences formelles de transmission sécurisée des ePHI (164.312(e)).
hipaa-nist-800-66,P11.10,164.312(a),3. Ensure that All System Users Have Been Assigned a Unique Identifier,recoupement_partiel,La capacité de savoir quand et par qui chaque renseignement a été utilisé alimente l'exigence de traçabilité de l'activité système vers un utilisateur identifié de façon unique (164.312(a)(2)(i)).
hipaa-nist-800-66,P12.01,164.308(a)(6),1. Determine the Goals of Incident Response,recoupement_partiel,La définition de l'incident de confidentialité et la procédure de traitement associée alimentent la compréhension documentée de ce qui constitue un incident de sécurité (164.308(a)(6)).
hipaa-nist-800-66,P12.02,164.314(a),Implementation Specification (Required),recoupement_partiel,Les procédures de notification interne et externe des incidents de confidentialité alimentent l'obligation de déclarer les incidents et atteintes aux parties concernées (164.314(a)/164.410).
hipaa-nist-800-66,P12.03,164.308(a)(6),3. Develop and Implement Policy and Procedures to Respond to and Report Security Incidents,recoupement_partiel,Les mesures de prévention et de limitation des conséquences d'un incident de confidentialité alimentent l'exigence d'atténuer les effets nuisibles des incidents de sécurité (164.308(a)(6)(ii)).
hipaa-nist-800-66,P12.04,164.308(a)(6),4. Incorporate Post-Incident Analysis into Updates and Revisions,recoupement_partiel,Les mécanismes visant à réduire le préjudice et à éviter la récurrence des incidents alimentent l'analyse post-incident et l'amélioration des contrôles fondée sur les leçons apprises.
hipaa-nist-800-66,P12.05,164.308(a)(6),Implementation Specification (Required),recoupement_partiel,"Le plan de réponse aux incidents et les directives au personnel alimentent l'exigence d'identifier, de répondre, d'atténuer et de documenter les incidents de sécurité (164.308(a)(6)(ii))."
hipaa-nist-800-66,P12.06,164.314(a),Implementation Specification (Required),recoupement_partiel,Les mécanismes d'avis aux autorités et aux personnes concernées en cas de risque de préjudice sérieux alimentent l'obligation de déclaration des atteintes aux renseignements de santé (164.410).
hipaa-nist-800-66,P13.01,164.312(a),2. Identify Technical Access Control Capabilities,recoupement_partiel,Le cloisonnement des fichiers multi-clients constitue une segmentation technique limitant l'accès aux ePHI aux seules autorisations accordées (164.312(a)(1)).
hipaa-nist-800-66,P13.02,164.312(a),2. Identify Technical Access Control Capabilities,recoupement_partiel,Le cloisonnement des fichiers à finalités distinctes dans un entrepôt de données démontre des contrôles d'accès techniques et une segmentation des systèmes contenant des ePHI (164.312(a)(1)).
hipaa-nist-800-66,P14.01,164.308(a)(1),1. Identify all ePHI and Relevant Information Systems,recoupement_partiel,L'inventaire complet des renseignements personnels et de leurs lieux de stockage alimente l'identification des ePHI et des systèmes qui les hébergent.
hipaa-nist-800-66,P14.02,164.308(a)(1),1. Identify all ePHI and Relevant Information Systems,recoupement_partiel,"L'inventaire tenu à jour des renseignements personnels, y compris ceux des journaux, alimente l'identification continue des ePHI et de leurs emplacements dans les systèmes."
hipaa-nist-800-66,P14.03,164.312(a),2. Identify Technical Access Control Capabilities,recoupement_partiel,Le contrôle effectif de l'accès aux renseignements personnels conforme aux politiques alimente les contrôles d'accès techniques limitant l'accès aux ePHI (164.312(a)(1)).
hipaa-nist-800-66,P14.03,164.312(e)(1),2. Develop and Implement Transmission Security Policy and Procedures,recoupement_partiel,Le contrôle effectif des transferts de renseignements personnels alimente les exigences formelles de transmission sécurisée des ePHI (164.312(e)).
hipaa-nist-800-66,P14.04,164.312(e)(1),2. Develop and Implement Transmission Security Policy and Procedures,recoupement_partiel,Un processus clair de transfert de renseignements personnels à des tiers alimente l'établissement d'exigences et de méthodes formelles de transmission sécurisée des ePHI (164.312(e)).
hipaa-nist-800-66,P14.05,164.308(a)(6),3. Develop and Implement Policy and Procedures to Respond to and Report Security Incidents,recoupement_partiel,"La capacité d'identifier rapidement les données mises en cause lors d'un incident alimente la réponse, l'atténuation et la documentation des incidents de sécurité (164.308(a)(6)(ii))."
hipaa-nist-800-66,P15.01,164.310(d),Implementation Specification (Required),recoupement_partiel,"La politique documentée de conservation et de destruction des données personnelles alimente, pour son volet destruction, les politiques de disposition finale des ePHI (164.310(d)(2)(i))."
hipaa-nist-800-66,P15.04,164.316(b),4. Update Documentation as Required,recoupement_partiel,La révision régulière de la politique de données selon les changements législatifs et les meilleures pratiques alimente la revue et la mise à jour périodiques de la documentation (164.316(b)(2)(iii)).
hipaa-nist-800-66,P17.03,164.310(d),1. Implement Methods for the Final Disposal of ePHI,recoupement_partiel,Les processus spécifiques de destruction et d'anonymisation des renseignements personnels alimentent les méthodes documentées d'élimination définitive des ePHI (164.310(d)(2)(i)).
hipaa-nist-800-66,S01.01,164.308(a)(1),2. Conduct Risk Assessment,tgv_plus_etroit,L'évaluation des risques réalisée à la conception et avant la mise en production constitue une composante de l'évaluation des risques exigée par 164.308(a)(1)(ii)(A).
hipaa-nist-800-66,S01.02,164.308(a)(1),2. Conduct Risk Assessment,recoupement_partiel,La réévaluation périodique des risques alimente le programme de gestion des risques qui doit être exécuté à fréquence régulière.
hipaa-nist-800-66,S01.02,164.308(a)(1),3. Implement a Risk Management Program,tgv_plus_etroit,La réévaluation périodique des risques alimente le programme de gestion des risques qui doit être exécuté à fréquence régulière.
hipaa-nist-800-66,S01.03,164.308(a)(1),3. Implement a Risk Management Program,recoupement_partiel,"L'évaluation continue des risques approuvée par la direction réaffirme l'évaluation initiale, ce qui correspond au réexamen périodique exigé du programme de gestion des risques."
hipaa-nist-800-66,S01.03,164.308(a)(8),3. Conduct Evaluation,recoupement_partiel,L'évaluation des risques déclenchée par tout changement majeur alimente l'évaluation HIPAA exigée en réponse aux changements opérationnels ou environnementaux.
hipaa-nist-800-66,S02.01,164.316(a),1. Create and Deploy Policies and Procedures,tgv_plus_etroit,"Les politiques de sécurité (objectifs, principes, rôles, dérogations) font partie des politiques et procédures raisonnables et appropriées exigées par 164.316(a)."
hipaa-nist-800-66,S02.02,164.308(a)(1),5. Create and Deploy Policies and Procedures,tgv_plus_etroit,"Les normes, processus et procédures techniques mettant en œuvre les objectifs de sécurité correspondent au déploiement des politiques et procédures issues de la gestion des risques."
hipaa-nist-800-66,S02.03,164.316(a),2. Update the Documentation of the Policy and Procedures,recoupement_partiel,"L'approbation, la communication et le maintien à jour des politiques alimentent l'exigence de mise à jour documentée des politiques et procédures."
hipaa-nist-800-66,S02.04,164.308(a)(6),3. Develop and Implement Policy and Procedures to Respond to and Report Security Incidents,recoupement_partiel,La procédure à suivre en cas d'incident pour structurer une réponse efficiente alimente les politiques et procédures de réponse aux incidents de sécurité.
hipaa-nist-800-66,S02.04,164.310(b),2. Identify the Expected Performance of Each Type of Workstation and Device,recoupement_partiel,Le cadre de bonnes pratiques d'utilisation des outils informatiques alimente les politiques d'utilisation appropriée des postes et appareils.
hipaa-nist-800-66,S03.01,164.308(a)(3),2. Establish Clear Job Descriptions and Responsibilities,recoupement_partiel,La définition des responsabilités de sécurité dans l'organisation correspond à la définition des rôles et responsabilités avec niveaux de supervision de sécurité appropriés.
hipaa-nist-800-66,S03.02,164.308(a)(2),1. Select a Security Official to be Assigned Responsibility for HIPAA Security,recoupement_partiel,La désignation d'un responsable attitré de la sécurité de l'application et de ses actifs soutient l'identification d'un responsable de la sécurité.
hipaa-nist-800-66,S03.03,164.308(a)(3),2. Establish Clear Job Descriptions and Responsibilities,recoupement_partiel,"La séparation des tâches incompatibles soutient la définition écrite des rôles, responsabilités et niveaux d'accès appropriés par fonction."
hipaa-nist-800-66,S03.04,164.308(a)(1),3. Implement a Risk Management Program,recoupement_partiel,La méthode de gestion de projet identifiant et traitant les risques alimente le programme de gestion des risques visant à les réduire à un niveau acceptable.
hipaa-nist-800-66,S03.05,164.310(b),1. Identify Workstation and Device Types and Functions or Uses,recoupement_partiel,"La gestion des risques liés aux appareils mobiles alimente l'inventaire et les politiques par type d'appareil (tablettes, téléphones intelligents) exigés pour l'utilisation des postes."
hipaa-nist-800-66,S03.06,164.310(b),3. Analyze Physical Surroundings for Physical Attributes,recoupement_partiel,"La politique de télétravail couvre les risques de l'environnement physique des appareils hors des locaux, objet de l'analyse des attributs physiques de l'environnement."
hipaa-nist-800-66,S04.01,164.308(a)(3),3. Establish Criteria and Procedures for Hiring and Assigning Tasks,tgv_plus_etroit,"L'assurance que le personnel possède les compétences requises est incluse dans les critères d'embauche et d'assignation des tâches (connaissances, aptitudes, habiletés)."
hipaa-nist-800-66,S04.02,164.308(a)(5),5. Implement the Training,equivalent,"Le programme formel de sensibilisation et de formation couvrant tout le personnel, direction incluse, documente la stratégie et le plan de formation exigés par la démarche de 164.308(a)(5)."
hipaa-nist-800-66,S04.02,164.308(a)(5),2. Develop and Approve a Training Strategy and a Plan,recoupement_partiel,"Le programme formel de sensibilisation et de formation couvrant tout le personnel, direction incluse, documente la stratégie et le plan de formation exigés par la démarche de 164.308(a)(5)."
hipaa-nist-800-66,S04.03,164.308(a)(3),2. Establish Clear Job Descriptions and Responsibilities,recoupement_partiel,L'information du personnel et des contractants sur leurs responsabilités et procédures soutient la définition et la communication des rôles et responsabilités.
hipaa-nist-800-66,S04.04,164.308(a)(1),6. Develop and Implement a Sanction Policy,equivalent,L'approbation de sanctions appropriées pour le non-respect des politiques de sécurité correspond exactement à la politique de sanctions de 164.308(a)(1)(ii)(C).
hipaa-nist-800-66,S04.05,164.308(a)(3),5. Establish Termination Procedures,tgv_plus_etroit,Le rappel des obligations persistantes à la fin de l'emploi est une composante des procédures de fin d'emploi exigées par HIPAA.
hipaa-nist-800-66,S05.01,164.310(b),2. Identify the Expected Performance of Each Type of Workstation and Device,recoupement_partiel,Les conditions d'utilisation de l'application et de ses actifs alimentent les politiques d'utilisation et de fonctionnement appropriés des appareils traitant les données.
hipaa-nist-800-66,S05.04,164.308(a)(1),1. Identify all ePHI and Relevant Information Systems,recoupement_partiel,L'inventaire de l'application et des actifs permettant son exploitation soutient l'identification de tous les systèmes hébergeant des ePHI.
hipaa-nist-800-66,S05.05,164.308(a)(7),2. Conduct an Applications and Data Criticality Analysis,recoupement_partiel,"La classification des actifs en disponibilité, intégrité et confidentialité alimente l'analyse de criticité des applications et des données."
hipaa-nist-800-66,S05.06,164.308(a)(3),5. Establish Termination Procedures,tgv_plus_etroit,La restitution des actifs au terme du contrat est une composante des procédures de fin d'emploi incluant la récupération des dispositifs d'accès.
hipaa-nist-800-66,S05.07,164.310(d),3. Maintain Accountability for Hardware and Electronic Media,recoupement_partiel,L'encadrement de l'utilisation des supports amovibles selon la classification alimente la responsabilisation et le suivi des mouvements des supports électroniques.
hipaa-nist-800-66,S05.08,164.310(d),1. Implement Methods for the Final Disposal of ePHI,equivalent,La procédure formelle de mise au rebut sécurisée des supports correspond aux méthodes de disposition finale des ePHI et des supports exigées par 164.310(d)(2)(i).
hipaa-nist-800-66,S06.01,164.312(a),4. Develop Access Control Policy and Procedures,equivalent,La politique de gestion des accès applicable à l'ensemble des intervenants correspond à la politique formelle de contrôle d'accès exigée.
hipaa-nist-800-66,S06.02,164.308(a)(4),2. Implement Policies and Procedures for Authorizing Access,recoupement_partiel,Les règles de gestion des accès à l'application alimentent les procédures documentées d'octroi des accès aux ePHI.
hipaa-nist-800-66,S06.03,164.312(a),2. Identify Technical Access Control Capabilities,equivalent,Les mécanismes limitant les accès aux seules composantes et informations autorisées correspondent aux contrôles d'accès techniques limitant l'accès à ce qui a été octroyé.
hipaa-nist-800-66,S06.04,164.308(a)(4),3. Implement Policies and Procedures for Access Establishment and Modification,recoupement_partiel,"Les comptes dédiés aux privilèges élevés avec contrôle de l'octroi alimentent les normes d'établissement, de documentation et de modification des droits d'accès."
hipaa-nist-800-66,S06.05,164.308(a)(5),Implementation Specification (Password Management),recoupement_partiel,La gestion du niveau de complexité des mots de passe soutient la spécification de gestion des mots de passe (création et sauvegarde) de 164.308(a)(5)(ii)(D).
hipaa-nist-800-66,S06.06,164.312(d),3. Select and Implement Authentication Options,tgv_plus_etroit,L'obligation du MFA est une mise en œuvre des options d'authentification sélectionnées selon les résultats de l'analyse de risques.
hipaa-nist-800-66,S06.07,164.312(d),3. Select and Implement Authentication Options,tgv_plus_etroit,L'authentification par protocoles sécurisés modernes et fédération d'identités constitue une mise en œuvre des options d'authentification retenues.
hipaa-nist-800-66,S06.08,164.308(a)(5),Implementation Specification (Password Management),recoupement_partiel,La préservation de la confidentialité des mots de passe et l'absence de capture ou d'entreposage soutiennent la sauvegarde sécurisée des mots de passe.
hipaa-nist-800-66,S06.09,164.308(a)(5),Implementation Specification (Password Management),tgv_plus_etroit,La capacité de chaque utilisateur à changer son mot de passe met en œuvre les procédures de changement des mots de passe.
hipaa-nist-800-66,S06.10,164.312(d),1. Determine Authentication Applicability to Current Systems/Applications,recoupement_partiel,L'authentification des communications entre composantes couvre l'authentification d'entité aux points d'accès électroniques exigée par 164.312(d).
hipaa-nist-800-66,S06.11,164.308(a)(5),Implementation Specification (Password Management),tgv_plus_etroit,"L'absence de mots de passe dans les scripts, macros et code source est une mesure de sauvegarde sécurisée des mots de passe."
hipaa-nist-800-66,S06.12,164.312(a),6. Review and Update Access for Users and Processes,tgv_plus_etroit,Les fonctionnalités facilitant la revue des accès soutiennent la revue et la mise à jour continues des accès des utilisateurs et des processus.
hipaa-nist-800-66,S06.13,164.308(a)(4),2. Implement Policies and Procedures for Authorizing Access,tgv_plus_etroit,Les profils d'accès fondés sur les fonctionnalités attribuant les seuls accès nécessaires constituent une base de restriction d'accès conforme à l'octroi documenté des accès.
hipaa-nist-800-66,S06.14,164.308(a)(4),3. Implement Policies and Procedures for Access Establishment and Modification,tgv_plus_etroit,"Les fonctionnalités permettant à l'acquéreur de gérer aisément les accès soutiennent l'établissement, la revue et la modification des droits d'accès des utilisateurs."
hipaa-nist-800-66,S06.16,164.308(a)(5),Implementation Specification (Log-in Monitoring),tgv_plus_etroit,La désactivation automatique après cinq échecs de connexion avec alerte met en œuvre la surveillance des tentatives de connexion et le signalement des anomalies.
hipaa-nist-800-66,S06.18,164.312(a),3. Ensure that All System Users Have Been Assigned a Unique Identifier,equivalent,"L'interdiction des comptes génériques garantit un identifiant unique par utilisateur et la traçabilité des activités à une personne précise, exigence de 164.312(a)(2)(i)."
hipaa-nist-800-66,S06.19,164.312(a),Implementation Specification (Automatic Logoff),equivalent,La déconnexion automatique après un délai d'inactivité configurable correspond à la spécification de fermeture de session automatique de 164.312(a)(2)(iii).
hipaa-nist-800-66,S06.20,164.310(a),4. Develop Access Control and Validation Procedures,tgv_plus_etroit,La restriction de l'accès au code source met en œuvre le contrôle de l'accès aux programmes logiciels pour test et révision prévu par 164.310(a)(2)(iii).
hipaa-nist-800-66,S06.22,164.308(a)(5),Implementation Specification (Log-in Monitoring),recoupement_partiel,Le signalement au titulaire de toute connexion ou modification de profil soutient la surveillance des connexions et le signalement des anomalies.
hipaa-nist-800-66,S06.23,164.308(a)(5),Implementation Specification (Log-in Monitoring),tgv_plus_etroit,La détection et la mitigation du bourrage de justificatifs et des attaques par dictionnaire mettent en œuvre la surveillance des tentatives de connexion anormales.
hipaa-nist-800-66,S06.25,164.312(b),5. Implement the Audit/System Activity Review Process,tgv_plus_etroit,La journalisation des accès exposés sur Internet met en œuvre l'activation du système d'audit et le démarrage de la journalisation.
hipaa-nist-800-66,S07.01,164.312(a),Implementation Specification (Encryption and Decryption),tgv_plus_large,Le chiffrement des données sensibles à l'entreposage et en communication couvre et dépasse la spécification de chiffrement et déchiffrement au repos de 164.312(a)(2)(iv).
hipaa-nist-800-66,S07.01,164.312(e)(1),4. Implement Encryption,tgv_plus_large,Le chiffrement des données sensibles en communication couvre et dépasse le mécanisme de chiffrement des transmissions de 164.312(e)(2)(ii).
hipaa-nist-800-66,S07.02,164.312(e)(1),4. Implement Encryption,recoupement_partiel,Le chiffrement de toutes les communications entre composantes met en œuvre le chiffrement des ePHI en transmission lorsque approprié.
hipaa-nist-800-66,S08.01,164.312(a),Implementation Specification (Encryption and Decryption),recoupement_partiel,La documentation formelle de la gestion du cycle de vie des clés soutient la mise en œuvre fiable du mécanisme de chiffrement et déchiffrement.
hipaa-nist-800-66,S08.02,164.310(a),3. Develop a Facility Security Plan,tgv_plus_etroit,"Le contrôle d'accès et les mesures de protection physiques des locaux d'hébergement mettent en œuvre le plan de sécurité des installations contre l'accès non autorisé, le sabotage et le vol."
hipaa-nist-800-66,S08.03,164.310(a),4. Develop Access Control and Validation Procedures,tgv_plus_etroit,Le contrôle d'accès aux locaux des développeurs et du personnel de soutien met en œuvre les procédures de contrôle et de validation de l'accès aux installations selon le rôle.
hipaa-nist-800-66,S08.04,164.310(a),6. Maintain Maintenance Records,recoupement_partiel,L'entretien approprié du matériel d'hébergement alimente la documentation des réparations et modifications liées à la sécurité des composantes physiques.
hipaa-nist-800-66,S09.01,164.310(b),3. Analyze Physical Surroundings for Physical Attributes,tgv_plus_etroit,"La politique du bureau propre et de l'écran vide limite la consultation d'informations sensibles par des personnes non autorisées, objectif de l'analyse de l'environnement physique."
hipaa-nist-800-66,S09.02,164.316(b),"1. Draft, Maintain, and Update Required Documentation",recoupement_partiel,La documentation des procédures d'exploitation communiquée aux personnes concernées alimente la documentation exigée des contrôles opérationnels et techniques.
hipaa-nist-800-66,S09.04,164.316(b),3. Ensure that Documentation is Available to Those Responsible for Implementation,recoupement_partiel,"Le guide d'installation et d'entretien couvrant accès, surveillance et sauvegardes constitue la documentation mise à disposition des personnes responsables de la mise en œuvre."
hipaa-nist-800-66,S09.05,164.308(a)(7),Implementation Specification (Required),recoupement_partiel,Le système de sauvegarde à l'abri des rançongiciels garantit le maintien de copies exactes et récupérables des données exigé par le plan de sauvegarde.
hipaa-nist-800-66,S09.06,164.308(a)(7),5. Data Backup Plan and Disaster Recovery Plan,equivalent,Les stratégies de sauvegarde permettant une récupération complète ou partielle des données (métadonnées incluses) couvrent et dépassent la spécification exigée d'établir des procédures de restauration de toute perte de données.
hipaa-nist-800-66,S09.06,164.308(a)(7),Implementation Specification (Required),tgv_plus_large,Les stratégies de sauvegarde permettant une récupération complète ou partielle des données (métadonnées incluses) couvrent et dépassent la spécification exigée d'établir des procédures de restauration de toute perte de données.
hipaa-nist-800-66,S09.07,164.308(a)(8),3. Conduct Evaluation,recoupement_partiel,Le processus documenté de gestion des changements permet de déterminer les changements opérationnels affectant la sécurité et de déclencher les évaluations correspondantes.
hipaa-nist-800-66,S09.09,164.308(a)(1),3. Implement a Risk Management Program,tgv_plus_etroit,Le plan de gestion continue des vulnérabilités fait partie du programme de gestion des risques visant à réduire les vulnérabilités à un niveau raisonnable et approprié.
hipaa-nist-800-66,S09.10,164.308(a)(1),Implementation Specification (Required),tgv_plus_etroit,L'application des correctifs de sécurité dans les meilleurs délais est une mesure de sécurité réduisant les risques et vulnérabilités au sens de 164.308(a)(1)(ii)(B).
hipaa-nist-800-66,S09.11,164.308(a)(1),1. Identify all ePHI and Relevant Information Systems,recoupement_partiel,La documentation de l'ensemble des composantes de l'application et de son environnement soutient l'identification des systèmes pertinents traitant les données.
hipaa-nist-800-66,S09.12,164.312(a),2. Identify Technical Access Control Capabilities,recoupement_partiel,L'absence de porte dérobée garantit que l'accès reste limité aux seuls chemins autorisés par les contrôles d'accès techniques octroyés.
hipaa-nist-800-66,S10.01,164.308(a)(5),Implementation Specification (Protection from Malicious Software),tgv_plus_etroit,La protection antivirus récente avec EDR sur tous les systèmes met en œuvre la protection contre les logiciels malveillants de 164.308(a)(5)(ii)(B).
hipaa-nist-800-66,S10.02,164.308(a)(5),Implementation Specification (Protection from Malicious Software),recoupement_partiel,Les mécanismes de gestion des exceptions et d'alertes de la solution de protection soutiennent la détection et le signalement des logiciels malveillants.
hipaa-nist-800-66,S10.04,164.312(b),5. Implement the Audit/System Activity Review Process,equivalent,"La journalisation identifiant l'acteur, les circonstances, le moment, la nature de l'activité et les informations concernées détermine concrètement les activités à consigner, objet de la définition de la portée des contrôles d'audit."
hipaa-nist-800-66,S10.04,164.312(b),1. Determine the Activities that Will Be Tracked or Audited,recoupement_partiel,"La journalisation identifiant l'acteur, les circonstances, le moment, la nature de l'activité et les informations concernées détermine concrètement les activités à consigner, objet de la définition de la portée des contrôles d'audit."
hipaa-nist-800-66,S10.05,164.312(b),2. Select the Tools that Will Be Deployed for Auditing and System Activity Reviews,recoupement_partiel,"Les fonctionnalités de filtrage, d'analyse et d'extraction des journaux constituent les outils déployés pour l'audit et la revue de l'activité des systèmes."
hipaa-nist-800-66,S10.06,164.308(a)(6),3. Develop and Implement Policy and Procedures to Respond to and Report Security Incidents,recoupement_partiel,Les fonctionnalités d'alerte signalant les comportements anormaux et incidents potentiels soutiennent l'identification des incidents de sécurité suspectés ou connus.
hipaa-nist-800-66,S10.07,164.308(a)(6),3. Develop and Implement Policy and Procedures to Respond to and Report Security Incidents,tgv_plus_etroit,Les systèmes de détection d'intrusion mettent en œuvre la capacité d'identifier les incidents de sécurité suspectés exigée par 164.308(a)(6)(ii).
hipaa-nist-800-66,S10.08,164.308(a)(1),7. Develop and Deploy the Information System Activity Review Process,recoupement_partiel,Le rôle d'auditeur permettant la consultation des rapports d'audit facilite la revue régulière des journaux d'audit et rapports d'accès.
hipaa-nist-800-66,S11.01,164.316(b),2. Retain Documentation for at Least Six Years,recoupement_partiel,La conservation des journaux selon le calendrier légal et réglementaire alimente l'exigence de rétention des enregistrements des actions et activités documentées.
hipaa-nist-800-66,S11.02,164.312(e)(1),2. Develop and Implement Transmission Security Policy and Procedures,recoupement_partiel,"La protection de toutes les communications entre composantes, incluant le soutien à distance, met en œuvre la politique et les procédures de sécurité des transmissions."
hipaa-nist-800-66,S11.03,164.312(a),2. Identify Technical Access Control Capabilities,tgv_plus_etroit,Le cloisonnement de l'environnement d'exécution correspond à la segmentation réseau explicitement citée comme capacité de contrôle d'accès technique.
hipaa-nist-800-66,S11.04,164.312(e)(1),2. Develop and Implement Transmission Security Policy and Procedures,recoupement_partiel,L'encadrement du courrier électronique traitant de l'information confidentielle alimente les procédures de sécurité des transmissions de données sensibles.
hipaa-nist-800-66,S11.05,164.308(a)(5),6. Implement Security Reminders,tgv_plus_etroit,Les campagnes continues de simulation d'hameçonnage constituent des rappels de sécurité périodiques au personnel exigés par 164.308(a)(5)(ii)(A).
hipaa-nist-800-66,S11.06,164.312(e)(1),2. Develop and Implement Transmission Security Policy and Procedures,tgv_plus_etroit,L'assurance d'une connectivité sécuritaire met en œuvre les mesures techniques de sécurité des transmissions sur les réseaux de communication.
hipaa-nist-800-66,S12.01,164.308(a)(5),Implementation Specification (Protection from Malicious Software),tgv_plus_large,"Les thèmes imposés (hameçonnage, rançongiciels, ingénierie sociale) recoupent le développement de contenus de formation sur les sujets actuels et pertinents."
hipaa-nist-800-66,S12.01,164.308(a)(5),"4. Develop Appropriate Awareness and Training Content, Materials, and Methods",recoupement_partiel,"Les thèmes imposés (hameçonnage, rançongiciels, ingénierie sociale) recoupent le développement de contenus de formation sur les sujets actuels et pertinents."
hipaa-nist-800-66,S12.06,164.308(a)(3),1. Implement Policies and Procedures for Authorization and/or Supervision,recoupement_partiel,La supervision du développement externalisé met en œuvre l'autorisation et la supervision des membres du personnel et contractants travaillant avec les données.
hipaa-nist-800-66,S13.01,164.308(a)(1),Implementation Specification (Required),tgv_plus_etroit,La prise en compte et la mise à jour des composantes tierces vulnérables constituent des mesures de sécurité réduisant les vulnérabilités au sens de 164.308(a)(1)(ii)(B).
hipaa-nist-800-66,S13.02,164.308(a)(1),4. Acquire IT Systems and Services,recoupement_partiel,"L'évaluation des menaces, risques et facteurs de vie privée pour tout fournisseur tiers alimente la prise en compte des risques introduits par les services tiers."
hipaa-nist-800-66,S13.03,164.308(b)(1),1. Identify Entities that are Business Associates Under the HIPAA Security Rule,tgv_plus_large,La liste exhaustive des fournisseurs avec la nature des services couvre et dépasse l'identification des entités qui sont des partenaires commerciaux ayant accès aux données.
hipaa-nist-800-66,S13.04,164.314(a),1. Contract Must Provide that Business Associates Will Comply with the Applicable Requirements of the Security Rule,recoupement_partiel,"Les exigences définies par fournisseur (sécurité, accès, incidents) alimentent les clauses contractuelles imposant aux partenaires des garanties administratives, physiques et techniques."
hipaa-nist-800-66,S13.05,164.308(b)(1),2. Establish a Process for Measuring Contract Performance and Terminating the Contract if Security Requirements Are Not Being Met,tgv_plus_etroit,Les processus de surveillance de la conformité des fournisseurs mettent en œuvre la mesure de la performance contractuelle des partenaires commerciaux.
hipaa-nist-800-66,S13.06,164.308(b)(1),3. Written Contract or Other Arrangement,recoupement_partiel,Les ententes contractuelles avec chaque fournisseur alimentent l'exigence de contrat écrit ou autre arrangement documentant les garanties satisfaisantes.
hipaa-nist-800-66,S13.06,164.314(a),2. Contract Must Provide that the Business Associates Enter into Contracts with Subcontractors to Ensure the Protection of ePHI,recoupement_partiel,"Du point de vue du partenaire commercial, les ententes contractuelles avec chacun de ses fournisseurs démontrent l'encadrement contractuel des sous-traitants ayant accès aux données exigé par 164.308(b)(2) et 164.314."
hipaa-nist-800-66,S14.01,164.308(b)(1),2. Establish a Process for Measuring Contract Performance and Terminating the Contract if Security Requirements Are Not Being Met,tgv_plus_etroit,L'évaluation régulière de la performance des fournisseurs met en œuvre les critères de mesure de la performance contractuelle.
hipaa-nist-800-66,S14.03,164.308(a)(6),3. Develop and Implement Policy and Procedures to Respond to and Report Security Incidents,recoupement_partiel,Le processus de gestion des incidents arrimé avec celui des clients alimente les politiques et procédures de réponse et de signalement des incidents de sécurité.
hipaa-nist-800-66,S14.04,164.314(a),3. Contract Must Provide that Business Associates will Report Security Incidents,equivalent,L'avertissement des clients de tout incident sur les données dans les meilleurs délais correspond à l'obligation du partenaire commercial de signaler les incidents de sécurité à l'entité couverte.
hipaa-nist-800-66,S15.01,164.314(a),3. Contract Must Provide that Business Associates will Report Security Incidents,recoupement_partiel,L'engagement à collaborer avec les clients pour la prise en charge des incidents soutient le maintien de lignes de communication claires entre entité couverte et partenaire.
hipaa-nist-800-66,S15.02,164.308(a)(1),7. Develop and Deploy the Information System Activity Review Process,recoupement_partiel,La surveillance de la solution (applicatif et données) selon la classification alimente la revue régulière de l'activité des systèmes d'information.
hipaa-nist-800-66,S15.03,164.308(a)(7),4. Develop Recovery Strategy,recoupement_partiel,Les mécanismes de plan de reprise mis en place ou arrimés alimentent l'élaboration de la stratégie de reprise couvrant tous les impacts identifiés.
hipaa-nist-800-66,S15.04,164.308(a)(7),6. Develop and Implement an Emergency Mode Operation Plan,recoupement_partiel,Le plan de continuité des activités de maintenance et d'exploitation soutient la poursuite des processus d'affaires critiques exigée par le plan de fonctionnement en mode urgence.
hipaa-nist-800-66,S15.05,164.308(a)(7),5. Data Backup Plan and Disaster Recovery Plan,recoupement_partiel,Le plan de recouvrement après sinistre couvrant les infrastructures alimente le volet reprise après sinistre du plan de sauvegarde et de restauration des données.
hipaa-nist-800-66,S16.01,164.308(a)(7),7. Testing and Revision Procedure,tgv_plus_etroit,Le test périodique du plan de reprise pour vérifier son efficacité met en œuvre la procédure de test et de révision périodiques des plans de contingence.
hipaa-nist-800-66,S16.02,164.308(a)(8),3. Conduct Evaluation,recoupement_partiel,La stratégie de validation de la conformité technique des composantes alimente l'évaluation technique périodique exigée par 164.308(a)(8).
hipaa-nist-800-66,S16.03,164.308(a)(8),3. Conduct Evaluation,tgv_plus_etroit,Le test d'intrusion administré par un prestataire indépendant constitue une forme d'évaluation technique périodique de la sécurité.
hitrust-csf-v11,I01,10.10,Implement single sign-on (SSO) where possible to reduce password fatigue,recoupement_partiel,"Le support d'un service d'authentification externe (LDAP/LDAPS) centralisé l'authentification et réduit la multiplication des mots de passe (objectif du SSO), sans constituer un SSO complet ni être entièrement couvert par lui; recouvrement partiel dans le domaine de l'authentification."
hitrust-csf-v11,P07.01,14.06,Monitor vendor compliance on an ongoing basis (not just at contract signing),recoupement_partiel,"P07.01 s'assure de la conformité des partenaires aux seules exigences de vie privée (PRP); 14.06 surveille en continu la conformité générale des fournisseurs. Recouvrement partiel sur la vérification de conformité des tiers, borné à la PRP cote P07.01 et sans garantie du caractère continu exigé par 14.06 (l'assurance pouvant être ponctuelle)."
hitrust-csf-v11,P09.03,11.02,Enforce the principle of least privilege across all accounts and systems,tgv_plus_etroit,P09.03 applique le principe de nécessité/moindre privilège aux seuls renseignements personnels; 11.02 vise tous les comptes et systèmes. Sous-ensemble par portée -> subset.
hitrust-csf-v11,P09.04,12.01,Enable audit logging on all in-scope systems and applications,tgv_plus_etroit,"P09.04 active la journalisation des seuls accès aux renseignements personnels, périmètre inclus dans la journalisation de tous les systèmes et applications de 12.01."
hitrust-csf-v11,P09.06,12.02,Collect logs centrally using a SIEM or log management platform,recoupement_partiel,"P09.06 rend les journaux d'accès aux RP exploitables par des outils de gestion, ce qui recoupe une plateforme de log management, mais sans exiger la centralisation en SIEM ni couvrir tous les logs; recouvrement partiel, d'où intersect (et non subset)."
hitrust-csf-v11,P09.08,11.06,Restrict administrative/root access to designated administrators only,tgv_plus_etroit,P09.08 (domaine vie privée) encadre les accès à privilèges élevés portant sur les renseignements personnels; 11.06 restreint l'accès administratif de manière générale. Instance plus étroite -> subset.
hitrust-csf-v11,P09.11,11.10,Document and approve all access to sensitive data and systems,tgv_plus_etroit,P09.11 vérifié l'autorisation de la personne demandant l'accès aux renseignements personnels (volet approbation); 11.10 exige de documenter ET d'approuver tout accès aux données/systèmes sensibles. Portée TGV plus étroite -> subset.
hitrust-csf-v11,P10.04,12.01,Enable audit logging on all in-scope systems and applications,tgv_plus_etroit,"P10.04 journalise l'activité sur les RP durant tout leur cycle de vie, sous-ensemble (données personnelles uniquement) de l'activation générale de journalisation de 12.01."
hitrust-csf-v11,S01.02,01.05,Conduct an annual risk assessment covering all in-scope systems and data,recoupement_partiel,"S01.02 (évaluations périodiques des risques ET vulnérabilités) recoupe l'évaluation annuelle des risques de 01.05, mais déborde sur les vulnérabilités et ne garantit pas la couverture de tous les systèmes en périmètre; à l'inverse 01.05 impose une couverture intégrale et une cadence annuelle non explicitement exigées par TGV. Chevauchement partiel authentique sur l'activité 'évaluation périodique des risques'."
hitrust-csf-v11,S02.01,01.03,Develop and approve an information security policy signed by senior management,tgv_plus_etroit,"S02.01 (politique présentant objectifs et principes) correspond à l'élément 'élaboration/contenu de la politique' de 01.03, mais ne couvre pas l'approbation signée par la haute direction. Le critère TGV est strictement inclus dans le contrôle HITRUST. Défendable: c'est le volet 'développer la politique' du contrôle."
hitrust-csf-v11,S02.03,01.03,Develop and approve an information security policy signed by senior management,recoupement_partiel,"S02.03 (politiques approuvées par la direction + communiquées) partage l'élément 'approbation par la haute direction' avec 01.03, mais ajoute la communication (hors 01.03) et n'inclut pas l'élaboration de la politique. Recouvrement partiel réel: ni l'un ni l'autre n'inclut totalement l'autre. Point de contact défendable = l'approbation par la direction."
hitrust-csf-v11,S02.04,04.07,Define and enforce a BYOD acceptable use policy,tgv_plus_large,"Un cadre de bonnes pratiques d'utilisation des outils informatiques englobe la politique d'usage acceptable BYOD, qui en est un cas particulier: superset défendable. Mapping le plus solide vers 04.07."
hitrust-csf-v11,S03.01,01.08,Define roles and responsibilities for information security across the organization,equivalent,'Définir les responsabilités en matière de sécurité au sein de l'organisation' (S03.01) correspond directement à 'définir les rôles et responsabilités de sécurité à l'échelle de l'organisation' (01.08). Portée équivalente: le critère couvre pleinement l'intention du contrôle. Paire la plus solide du lot.
hitrust-csf-v11,S03.02,01.08,Define roles and responsibilities for information security across the organization,tgv_plus_etroit,"S03.02 (désignation d'un responsable pour l'application et les actifs qui l'exploitent) est une instance spécifique et plus étroite de l'attribution des responsabilités de sécurité couverte par 01.08. L'assignation d'un propriétaire d'actif est une forme reconnue de responsabilité de sécurité, ici limitée à un périmètre précis: strictement inclus dans le contrôle organisationnel."
hitrust-csf-v11,S03.05,04.01,Implement a mobile device management (MDM) solution,tgv_plus_large,"Gérer les risques spécifiques des appareils mobiles englobe l'implémentation d'une MDM, principal moyen technique de gestion de ces risques. Le critère TGV est plus large et ne nomme pas la solution: superset correct et défendable."
hitrust-csf-v11,S03.05,04.04,Enable remote wipe capability for lost or stolen devices,tgv_plus_large,"L'effacement à distance d'un appareil perdu ou volé est une mesure standard de gestion des risques mobiles, englobée par l'exigence plus large S03.05 sans y être nommée: superset défendable."
hitrust-csf-v11,S03.05,04.05,Restrict application installation to approved sources,tgv_plus_large,"La restriction des sources d'installation d'applications est une mesure reconnue de durcissement mobile relevant de la gestion des risques mobiles exigée par S03.05, qui est plus large: superset correct."
hitrust-csf-v11,S03.05,04.06,Implement containerization to separate corporate and personal data (BYOD),tgv_plus_large,"La conteneurisation séparant données professionnelles et personnelles (BYOD) est une technique de gestion des risques mobiles/BYOD, sous-ensemble de l'exigence large S03.05: superset correct."
hitrust-csf-v11,S03.05,04.09,Disable Bluetooth and NFC when not required,tgv_plus_large,"La désactivation des interfaces Bluetooth/NFC inutiles est une mesure de durcissement mobile relevant de la gestion des risques mobiles exigée, plus largement, par S03.05: superset correct."
hitrust-csf-v11,S03.06,04.08,Require VPN or secure access for mobile connections to corporate resources,recoupement_partiel,"La politique de télétravail encadre l'accès distant sécurisé (VPN) hors site, ce qui recoupe l'accès sécurisé des connexions mobiles. Ni le télétravail ni le mobile ne s'incluent totalement (télétravail possible sur poste corporatif, mobile utilisé aussi sur site): intersect correct."
hitrust-csf-v11,S04.02,13.01,Conduct security awareness training for all employees at hire and annually,recoupement_partiel,"Texte complet: 'Un programme de sensibilisation et de formation à la sécurité est en place pour tous les membres du personnel de l'entreprise (y compris la direction).' Recoupe directement le public 'all employées' de 13.01. HITRUST ajoute une cadence obligatoire (à l'embauche et annuelle) absente de TGV, tandis que TGV vise un 'programme' plus large que la seule délivrance périodique. Aucun n'inclut totalement l'autre -> intersect. Défendable."
hitrust-csf-v11,S04.03,13.02,"Deliver role-specific training for IT staff, developers, and administrators",tgv_plus_etroit,S04.03: le personnel et les contractants 'ayant participé au développement et à l'exploitation de votre application' sont informés de leurs responsabilités et procédures. Public technique restreint (participants au projet applicatif) et contenu (responsabilités/procédures) plus étroits que la formation par rôle destinée à l'ensemble IT/développeurs/administrateurs de 13.02. TGV inclus dans HITRUST -> subset. Défendable.
hitrust-csf-v11,S05.04,06.04,Maintain a configuration management database (CMDB) or asset inventory,tgv_plus_etroit,"L'inventaire de l'application et de ses actifs d'exploitation correspond à l'intention d'un inventaire d'actifs/CMDB. Il est plus étroit (périmètre applicatif) que la CMDB organisationnelle du 06.04. Subset correct, pair solide et directe."
hitrust-csf-v11,S05.06,11.05,Disable accounts within 24 hours of employee termination,recoupement_partiel,"S05.06 exige le retrait des accès des employés ET contractants en fin de contrat (population plus large, sans délai); 11.05 impose la désactivation sous 24h à la cessation d'emploi (délai que TGV n'a pas). Chevauchement sans inclusion mutuelle -> intersect."
hitrust-csf-v11,S05.06,14.09,Maintain a process for managing vendor access termination,recoupement_partiel,"S05.06 assure le retrait des accès des employés ET contractants au terme du contrat; 14.09 vise un processus de résiliation des accès fournisseurs. Recouvrement réel et spécifique (non générique) sur les contractants tiers en fin de relation. Aucune inclusion mutuelle: S05.06 couvre aussi les employés internes, tandis que 14.09 couvre l'accès organisationnel des fournisseurs (comptes de service, intégrations) que S05.06 ne traite pas."
hitrust-csf-v11,S05.07,02.08,Implement USB device control policies,tgv_plus_large,"S05.07 encadre l'usage de l'ensemble des supports amovibles (USB, disques externes, cartes, optique); 02.08 vise le contrôle des périphériques USB, sous-ensemble des supports amovibles. L'intention de 02.08 (maîtriser les supports USB) est pleinement couverte par S05.07, dont la portée est plus large. Superset confirme (TGV plus large que le contrôle HITRUST)."
hitrust-csf-v11,S05.07,03.01,Develop a portable/removable media policy,equivalent,"S05.07 exige une gouvernance documentée de l'utilisation des supports amovibles, fondée sur la classification de l'information (annotation: décrire les circonstances d'usage et les mesures de sécurité applicables). Cela établit et applique des règles formelles propres aux supports amovibles, ce qui correspond en portée à l'intention de 03.01 (disposer d'une politique de supports amovibles). Lien direct, sur le sujet, sans inférence. Portée équivalente."
hitrust-csf-v11,S05.08,03.05,Implement secure disposal procedures for media containing sensitive data,recoupement_partiel,"RELATION CORRIGÉE (superset -> intersect). Paire solide sur le fond: destruction sécurisée de supports d'information <-> destruction sécurisée de supports. Mais les périmètres se croisent sans inclusion: S05.08 vise la mise au rebut de tous les supports d'information liés à l'application (toute sensibilité), tandis que 03.05 vise les supports contenant des données sensibles (tout périmètre). S05.08 couvre des supports applicatifs non sensibles hors 03.05; 03.05 couvre des supports sensibles hors application hors S05.08. Donc intersect."
hitrust-csf-v11,S06.04,06.06,Restrict the ability to modify system configurations to authorized administrators,tgv_plus_large,Réserver l'ensemble des activités à privilèges élevés - dont la modification de configuration - à des comptes dédiés couvre et dépasse la restriction de la seule modification des configurations aux administrateurs autorisés. Superset correct.
hitrust-csf-v11,S06.04,08.07,Restrict administrative access to network devices to authorized personnel,tgv_plus_large,"S06.04 reserve toutes les activités à privilèges élevés à des comptes dédiés avec contrôle de l'octroi. La restriction de l'accès administratif aux équipements réseau (08.07) est un cas particulier de cette exigence, l'administration d'équipements réseau étant incontestablement une activité à privilèges élevés. S06.04 est donc plus large que 08.07: superset."
hitrust-csf-v11,S06.04,10.07,Implement a privileged access management (PAM) solution,tgv_plus_etroit,"Réserver les activités à privilèges à des comptes dédiés et en contrôler l'octroi est une composante d'une solution PAM complète; strictement plus étroit que le PAM (n'inclut pas coffre, rotation, sessions JIT)."
hitrust-csf-v11,S06.04,11.06,Restrict administrative/root access to designated administrators only,recoupement_partiel,"S06.04 reserve les activités à privilèges élevés à des comptes dédiés; 11.06 restreint l'accès admin/root aux administrateurs désignés. Intention commune, mais TGV cible les comptes (pas explicitement la liste des personnes autorisées) et 'privilèges élevés' peut déborder admin/root. Correction equal -> intersect."
hitrust-csf-v11,S06.05,10.01,Enforce a minimum password length of 12 characters,tgv_plus_large,"La gestion configurable du niveau de robustesse des mots de passe englobe la politique de longueur minimale, couvrant ainsi l'intention du minimum de 12 caractères et allant au-delà (autres paramètres de robustesse). Défendable car la robustesse inclut la longueur; paire marginale mais tenable."
hitrust-csf-v11,S06.05,10.02,"Require complexity (uppercase, lowercase, numbers, special characters)",tgv_plus_large,"Le critère porte explicitement sur la gestion de la complexité des mots de passe, ce qui recouvre directement l'exigence de complexité (types de caractères) et la dépasse via des niveaux de robustesse paramétrables. Mapping le plus solide de S06.05."
hitrust-csf-v11,S06.06,10.03,Implement multi-factor authentication (MFA) for all remote access,tgv_plus_large,"L'obligation de MFA sur l'ensemble du PST englobe le MFA pour les accès distants et le dépasse, puisqu'elle s'applique aussi hors accès distant."
hitrust-csf-v11,S06.06,10.04,Implement MFA for all administrative and privileged accounts,tgv_plus_large,"L'obligation générale de MFA couvre à fortiori les comptes administratifs et à privilèges, tout en s'étendant aux comptes ordinaires."
hitrust-csf-v11,S06.07,10.10,Implement single sign-on (SSO) where possible to reduce password fatigue,tgv_plus_large,La fédération d'identités via protocoles modernes (SAML/OpenID) réalisé directement le SSO et couvre plus largement l'authentification sécurisée; strictement plus large que le seul SSO. Mapping le plus solide pour 10.10.
hitrust-csf-v11,S06.10,08.03,"Restrict inbound and outbound traffic to documented, approved flows",recoupement_partiel,"S06.10 exige que les communications inter-composantes soient authentifiées et au minimum de privilèges, donc limitées aux seuls échanges nécessaires: cela rejoint l'intention de 08.03 de n'autoriser que des flux approuvés. Intersect car S06.10 opère au niveau applicatif/service via authentification et n'exige pas la documentation formelle des flux réseau requise par 08.03, alors que 08.03 ne couvre pas l'authentification des composantes."
hitrust-csf-v11,S06.12,11.03,Conduct access reviews at least quarterly for critical systems,recoupement_partiel,"S06.12 fournit l'outillage facilitant la revue des accès mais n'impose ni la conduite ni la cadence; 11.03 exige des revues effectuées au moins trimestriellement. Sujet identique (revue des accès), aucun n'inclut l'autre -> intersect."
hitrust-csf-v11,S06.13,11.01,Implement role-based access control (RBAC) for all systems,tgv_plus_etroit,"S06.13 impose un RBAC (profils basés sur les fonctionnalités) circonscrit à l'application; 11.01 exige le RBAC sur tous les systèmes. Même mécanisme, portée TGV plus étroite -> subset."
hitrust-csf-v11,S06.16,10.05,Enforce account lockout after a defined number of failed attempts,equivalent,"La désactivation automatique d'un identifiant après un maximum de tentatives échouées équivaut au verrouillage de compte après un nombre défini d'échecs; même déclencheur, même effet, portée équivalente."
hitrust-csf-v11,S06.16,12.05,Implement automated alerting for critical security events,recoupement_partiel,"S06.16 déclenché une alerte configurable après cinq échecs d'authentification (alerte de sécurité automatisée, cas de 12.05), mais sa fonction première est la désactivation automatique de l'identifiant (verrouillage, hors périmètre d'alerte); recouvrement partiel, d'où intersect et non subset."
hitrust-csf-v11,S06.18,11.09,Require unique user IDs for all accounts (no shared accounts),tgv_plus_etroit,S06.18 interdit tout compte générique dans l'application (volet 'pas de comptes partages'); 11.09 exige des ID uniques pour tous les comptes sur tous les systèmes. Plus étroit en portée et sur le seul volet interdiction -> subset.
hitrust-csf-v11,S06.19,11.08,Implement session timeout for inactive sessions,tgv_plus_etroit,S06.19 impose la déconnexion automatique après inactivité au sein de l'application; 11.08 vise l'expiration des sessions inactives de façon générale. Mécanisme identique mais portée TGV limitée à l'application. Correction equal -> subset.
hitrust-csf-v11,S06.22,11.07,Log and monitor all privileged access activity,recoupement_partiel,S06.22 journalise toute connexion et toute modification de profil/privilège (couvre la trace des changements de privilèges) mais pas explicitement la surveillance; 11.07 exige journaliser ET surveiller les accès privilégiés. Recouvrement partiel -> intersect.
hitrust-csf-v11,S06.23,08.05,Monitor network traffic for anomalies and potential threats,recoupement_partiel,"S06.23 impose la surveillance et la détection de tentatives de connexion anormales (credential stuffing/dictionnaire) avec alerte et mitigation; la détection de connexions anormales est une forme de surveillance des menaces couverte par 08.05. Intersect: S06.23 ne vise qu'un type de menace (tentatives de connexion) alors que 08.05 couvre l'ensemble du trafic réseau, et S06.23 ajoute la mitigation qui déborde le simple monitoring de 08.05."
hitrust-csf-v11,S06.23,12.04,Monitor logs for security events and anomalies in near-real-time,recoupement_partiel,S06.23 surveille et détecte le credential stuffing et les attaques par dictionnaire et alerte sur les connexions anormales: classe précise d'événements surveillée (plus étroite que 12.04) mais qui ajoute l'alerte; recouvrement partiel.
hitrust-csf-v11,S06.25,12.01,Enable audit logging on all in-scope systems and applications,tgv_plus_etroit,"S06.25 ne journalise que les accès au PST exposé sur Internet, cas étroit et spécifique strictement inclus dans l'activation générale de la journalisation exigée par 12.01 sur l'ensemble des systèmes et applications."
hitrust-csf-v11,S07.01,02.06,Encrypt all endpoint hard drives (full-disk encryption),recoupement_partiel,"S07.01 exige le chiffrement des données sensibles (RP/RSSS) au repos; 02.06 exige le chiffrement intégral des disques des postes. Intention commune: protéger la confidentialité des données au repos par chiffrement, avec recouvrement réel sur les données sensibles stockées sur les postes. Aucun n'inclut l'autre — S07.01 est centre-données (tout emplacement, tout mécanisme, y compris chiffrement applicatif), 02.06 est centre-périphérique (disque entier du poste, quelle que soit la sensibilité). Intersect confirme."
hitrust-csf-v11,S07.01,03.02,"Encrypt all data on portable media (USB drives, external hard drives, tapes)",recoupement_partiel,"RELATION CORRIGÉE (superset -> intersect). 03.02 impose de chiffrer TOUTES les données (sensibles ou non) présentes sur support amovible; S07.01 n'impose le chiffrement que des données SENSIBLES, mais partout (au repos et en transit). Recouvrement réel sur les données sensibles au repos sur support amovible, mais aucun n'inclut l'autre: 03.02 vise aussi les données non sensibles sur support amovible, S07.01 vise aussi le stockage non amovible. Donc intersect, pas superset."
hitrust-csf-v11,S07.01,03.07,Prohibit storage of unencrypted PHI/sensitive data on portable media,tgv_plus_large,"S07.01 impose le chiffrement de l'ensemble des données sensibles, dont les renseignements personnels et de santé, lors de l'entreposage. Cette obligation interdit de fait tout stockage non chiffré de ces données, y compris sur support amovible (03.07). S07.01 couvre tous les emplacements de stockage, donc est strictement plus large que la version restreinte aux supports amovibles. Superset défendable, avec preuve explicite du chiffrement."
hitrust-csf-v11,S07.01,04.02,Enforce device encryption on all mobile devices accessing organizational data,recoupement_partiel,"S07.01 vise le chiffrement au repos des données sensibles sur tous les systèmes; 04.02 vise le chiffrement complet des seuls appareils mobiles. Recouvrement sur les données sensibles stockées sur mobile, sans que l'un englobe l'autre: intersect correct."
hitrust-csf-v11,S07.01,09.01,Encrypt all sensitive data in transit using TLS 1.2 or higher,tgv_plus_large,"S07.01 impose le chiffrement de TOUTES les données sensibles (RP/RPS) à la fois à l'entreposage ET en communication. L'intention de 09.01 (chiffrer les données sensibles en transit, TLS 1.2+) est entièrement incluse dans S07.01, qui la déborde par le chiffrement au repos. La spécification TLS 1.2+ n'est qu'un détail d'implémentation de la même intention. Superset confirme."
hitrust-csf-v11,S07.02,09.01,Encrypt all sensitive data in transit using TLS 1.2 or higher,recoupement_partiel,"Correction: superset est faux. S07.02 se limite aux communications ENTRE composantes de l'application et couvre tout trafic inter-composante, même non sensible; 09.01 vise toute donnée sensible en transit, y compris vers des points hors composantes (navigateur client, systèmes externes) que S07.02 n'atteint pas. Recouvrement réel sur les données sensibles inter-composantes, mais aucun n'inclut totalement l'autre -> intersect."
hitrust-csf-v11,S08.01,09.02,Implement certificate management processes for all TLS certificates,recoupement_partiel,"Correction: superset est faux. S08.01 documente la gestion de TOUTES les clés sur leur cycle de vie (plus large que les seuls certificats TLS), mais 09.02 exige des processus de gestion de certificats (émission via AC, chaînes/ancres de confiance, validation, révocation) qui débordent la gestion documentaire des clés. Recouvrement fort sur le cycle de vie du matériel cryptographique, sans inclusion totale de part et d'autre -> intersect."
hitrust-csf-v11,S09.01,02.07,Enforce automatic screen lock after a defined period of inactivity,recoupement_partiel,"Le volet 'écran vide' de S09.01 partage l'intention de 02.07: ne pas laisser un poste non surveillé exposer de l'information, le verrouillage de l'écran étant le moyen commun. S09.01 couvre en plus le bureau propre (documents physiques) et reste une politique sans imposer l'automatisme technique; 02.07 impose le verrouillage automatique après inactivité. Aucun n'inclut l'autre. Intersect confirme."
hitrust-csf-v11,S09.01,04.03,"Require screen lock with PIN, password, or biometric authentication",recoupement_partiel,"La politique d'écran vide impose de verrouiller les écrans laissés sans surveillance (intention comportementale du verrouillage d'écran), mais reste au niveau politique, couvre aussi bureaux/documents et ne prescrit pas l'authentification PIN/biométrie au niveau de l'appareil. Recouvrement partiel: intersect correct."
hitrust-csf-v11,S09.07,06.03,Document and enforce a change management process with approval workflows,tgv_plus_etroit,"Le processus documenté de gestion des changements de l'application relève directement de l'intention du 06.03 (processus de change management avec approbations). Relation corrigée equal -> subset: le critère est limité à 'votre application' et n'exige explicitement que la documentation, alors que 06.03 couvre l'ensemble des systèmes et impose en plus l'application effective (enforce) et des workflows d'approbation. Le TGV est donc strictement inclus dans le 06.03."
hitrust-csf-v11,S09.07,06.10,"Document all changes with justification, approval, and rollback procedures",tgv_plus_large,"Un processus documenté de gestion des changements englobe la documentation de chaque changement avec justification, approbation et procédure de retour arrière, plus les éléments de gouvernance (rôles, workflow, revue) absents du 06.10. Il est donc plus large que les seuls artefacts par-changement du 06.10. Superset défendable."
hitrust-csf-v11,S09.09,02.02,Enforce automatic operating system and application patching,recoupement_partiel,"S09.09 exige un programme continu de gestion des vulnérabilités dont la remédiation par correctifs est la sortie principale; 02.02 automatisé le patching OS/apps des postes. Recouvrement substantiel et reconnu sur la remédiation par correctifs (pas un simple mot-clé). S09.09 est plus large (identification, priorisation, remédiation) sans exiger l'automatisme; 02.02 est plus spécifique (automatisation, postes). Intersect confirme."
hitrust-csf-v11,S09.09,07.01,Conduct vulnerability scans on all in-scope systems at least quarterly,tgv_plus_large,"Un plan de gestion continue des vulnérabilités intègre nécessairement la détection périodique (balayages) comme mécanisme de base; il couvre l'intention du scan trimestriel tout en étant plus large (identification, évaluation, remédiation, suivi). Portée TGV plus large que le seul balayage -> superset."
hitrust-csf-v11,S09.09,07.07,Track and report vulnerability remediation metrics,recoupement_partiel,"La gestion continue des vulnérabilités impliqué intrinsèquement le suivi de l'état de remédiation des vulnérabilités, recoupant le suivi/rapport de 07.07; ce dernier ajoute toutefois l'exigence explicite de métriques et de reporting non garantie par le seul plan. Recouvrement partiel -> intersect."
hitrust-csf-v11,S09.09,07.10,Document risk acceptance for vulnerabilities that cannot be immediately remediated,recoupement_partiel,"Le plan de gestion continue traite les vulnérabilités non immédiatement corrigeables (atténuation/acceptation), recoupant la documentation d'acceptation du risque de 07.10; celui-ci exige spécifiquement la documentation formelle de l'acceptation, non explicitement garantie par le plan. Recouvrement partiel -> intersect."
hitrust-csf-v11,S09.10,02.02,Enforce automatic operating system and application patching,recoupement_partiel,"S09.10 impose l'application prompte des correctifs de sécurité à toutes les composantes; 02.02 exige un patching automatique OS/applications des postes. Intention commune réelle: maintenir les systèmes corrigés contre les vulnérabilités connues. Aucun n'inclut totalement l'autre — S09.10 est plus large en portée (toutes composantes, pas seulement les postes) mais n'exige pas l'automatisation, tandis que 02.02 impose l'automatisme mais se limite aux postes/OS/apps. Intersect confirme."
hitrust-csf-v11,S09.10,07.03,Remediate critical vulnerabilities within 15 days of discovery,tgv_plus_large,"L'application des correctifs de sécurité à toute composante dans les meilleurs délais couvre la remédiation des vulnérabilités critiques (le correctif en est le moyen principal) et va au-delà: toutes sévérités, sans le seuil précis de 15 jours. Portée TGV plus large -> superset."
hitrust-csf-v11,S09.10,07.04,Remediate high vulnerabilities within 30 days of discovery,tgv_plus_large,"Même critère de patch prompt appliqué à toute composante: couvre la remédiation des vulnérabilités elevees et l'excède (toutes sévérités, pas de seuil de 30 jours). Portée TGV plus large -> superset."
hitrust-csf-v11,S09.10,07.09,Implement a process for emergency/out-of-band patching,tgv_plus_large,Appliquer les correctifs dans les meilleurs délais à toute composante englobe le correctif d'urgence/hors bande (cas particulier de patch prompt) tout en couvrant l'ensemble du patching de sécurité. Portée TGV plus large -> superset.
hitrust-csf-v11,S09.11,05.07,Document wireless network architecture and security configurations,tgv_plus_large,S09.11 exige de documenter l'ensemble des composantes de l'application ET de son environnement — documentation exhaustive qui englobe l'architecture et la configuration du réseau sans fil. 05.07 ne vise que le volet sans-fil. Le critère TGV englobe et dépasse le contrôle.
hitrust-csf-v11,S10.04,11.07,Log and monitor all privileged access activity,recoupement_partiel,"S10.04 exige la journalisation de toute activité de l'application (incl. administration) -- plus large que les seuls accès privilégiés -- mais se limite à journaliser, sans la composante surveillance de 11.07. Aucun n'inclut totalement l'autre. Correction superset -> intersect."
hitrust-csf-v11,S10.04,12.01,Enable audit logging on all in-scope systems and applications,recoupement_partiel,"S10.04 impose de journaliser toute activité de l'application (pilote/admin inclus), donc active la journalisation pour un des systèmes visés par 12.01, mais reste limité à l'application et déborde vers le contenu du journal (acteur/moment/nature); ni l'un ni l'autre ne se contient totalement."
hitrust-csf-v11,S10.04,12.07,"Include the following in audit logs: user ID, timestamp, event type, success/failure, source",recoupement_partiel,"S10.04 exige d'identifier l'acteur, le moment et la nature de l'activité (proche de userID, horodatage, type d'événement) mais omet le succès/échec et la source, et ajoute 'informations concernées'; recouvrement partiel des champs requis par 12.07."
hitrust-csf-v11,S10.05,12.02,Collect logs centrally using a SIEM or log management platform,recoupement_partiel,"S10.05 permet de filtrer/analyser les journaux et de les extraire en format standard vers un système tiers, ce qui alimente une collecte centrale/SIEM sans l'imposer; recouvrement partiel (S10.05 ajoute l'analyse, 12.02 impose la centralisation)."
hitrust-csf-v11,S10.06,12.04,Monitor logs for security events and anomalies in near-real-time,recoupement_partiel,S10.06 détecte les comportements anormaux et incidents de sécurité potentiels (recoupe la surveillance des anomalies de 12.04) mais ajoute la fonction d'alerte; ni inclusion totale ni portée identique.
hitrust-csf-v11,S10.06,12.05,Implement automated alerting for critical security events,recoupement_partiel,"S10.06 signale par alerte aux pilotes les incidents de sécurité potentiels, recoupant l'alerte automatisée sur événements critiques de 12.05; S10.06 vise aussi des comportements anormaux plus larges tandis que 12.05 insiste sur l'automatisation et la criticité."
hitrust-csf-v11,S10.07,05.05,Implement wireless intrusion detection/prevention systems (WIDS/WIPS),recoupement_partiel,"Recouvrement réel sur la détection d'intrusion. S10.07 impose des systèmes de détection d'intrusion pour l'application et son environnement; 05.05 vise un WIDS/WIPS spécialisé (points d'accès pirates, attaques RF, avec volet prévention). Un IDS applicatif générique ne garantit pas la surveillance RF/anti-rogue, et le WIDS/WIPS ne couvre pas l'application: aucun n'inclut totalement l'autre."
hitrust-csf-v11,S10.07,08.04,Implement intrusion detection/prevention systems (IDS/IPS),tgv_plus_etroit,"S10.07 impose explicitement des systèmes de détection d'intrusion (IDS) sur l'application et son environnement. 08.04 couvre à la fois la détection (IDS) et la prévention (IPS). L'exigence TGV est donc strictement incluse dans le contrôle HITRUST: subset. Correspondance spécifique et solide, non générique."
hitrust-csf-v11,S10.07,12.04,Monitor logs for security events and anomalies in near-real-time,recoupement_partiel,"S10.07 dote l'application et son environnement de systèmes de détection d'intrusion, mécanisme de détection d'événements de sécurité en quasi temps réel qui recoupe 12.04; l'IDS n'étant pas strictement une surveillance des journaux, le recouvrement reste partiel."
hitrust-csf-v11,S10.08,12.08,Review audit logs regularly (daily for critical systems),recoupement_partiel,"S10.08 fournit un rôle de type auditeur permettant de consulter les rapports d'audit, capacité qui outille la revue des journaux de 12.08 sans en imposer la régularité ni la fréquence; recouvrement partiel entre une capacité (TGV) et un processus de revue (HITRUST)."
hitrust-csf-v11,S10.09,12.06,"Protect log integrity (write-once storage, checksums, access controls)",equivalent,"S10.09 protège l'information journalisée contre l'altération (intégrité) et la divulgation non autorisée (contrôle d'accès), portée équivalente à la protection de l'intégrité et des accès aux journaux visée par 12.06."
hitrust-csf-v11,S11.01,12.03,Define log retention periods meeting regulatory requirements (minimum 1 year),equivalent,"S11.01 impose de conserver les journaux selon le calendrier fixe par les lois/normes applicables, portée équivalente à la définition de périodes de rétention conformes aux exigences réglementaires visée par 12.03."
hitrust-csf-v11,S11.02,09.01,Encrypt all sensitive data in transit using TLS 1.2 or higher,tgv_plus_large,"S11.02 protège TOUTES les communications entre l'application et les composantes avec qui elle interagit (interne ET externe, incl. soutien à distance) via des mécanismes de sécurité en transit. Contrairement à S07.02, sa portée externe couvre aussi les canaux transportant des données sensibles vers l'extérieur visés par 09.01; le chiffrement des données sensibles en transit y est donc inclus, et S11.02 le déborde (toutes communications, pas seulement sensibles). Superset défendable."
hitrust-csf-v11,S11.02,09.04,"Use SFTP, SCP, or HTTPS for all file transfers containing sensitive data",tgv_plus_large,"S11.02 exige d'assurer la sécurité des informations qui transitent sur toutes les communications de l'application et de ses interlocuteurs, ce qui englobe les transferts de fichiers contenant des données sensibles visés par 09.04. 09.04 (transfert de fichiers via SFTP/SCP/HTTPS) n'est qu'un cas particulier de l'exigence plus large de protection en transit de S11.02. Superset défendable."
hitrust-csf-v11,S11.03,05.01,Segment wireless networks from production/sensitive networks,recoupement_partiel,"Recouvrement réel sur le principe de segmentation/cloisonnement pour isoler les zones moins fiables des zones sensibles. S11.03 cloisonne les tiers d'exécution applicatifs (zone d'accès public vs zone serveur); 05.01 isole spécifiquement le segment sans fil de la production. Le Wi-Fi constitue un cas de zone 'accès public', d'où l'overlap, mais S11.03 ne vise pas le sans-fil et 05.01 ne couvre pas le tierage applicatif: aucun n'inclut totalement l'autre."
hitrust-csf-v11,S11.03,08.01,Implement network segmentation between security zones,recoupement_partiel,"S11.03 impose de cloisonner l'environnement d'exécution de l'application en zones distinctes (zone publique, zone serveur), ce qui correspond conceptuellement à la segmentation en zones de sécurité de 08.01. Recouvrement réel sur l'isolation par zones, mais S11.03 vise le périmètre applicatif (pouvant reposer sur conteneurs/processus au-delà du réseau) tandis que 08.01 vise la segmentation réseau globale: aucun n'englobe totalement l'autre, d'où intersect."
hitrust-csf-v11,S11.04,09.05,Implement email encryption for messages containing PHI or sensitive data,tgv_plus_large,"S11.04 interdit tout traitement d'information confidentielle par courriel sauf mécanismes de protection appropriés, dont le chiffrement. Le chiffrement des courriels sensibles/PHI exigé par 09.05 est précisément l'un de ces mécanismes; S11.04 le déborde en offrant aussi l'option de ne pas transmettre d'information confidentielle et en couvrant toute information confidentielle. Superset défendable."
hitrust-csf-v11,S11.05,13.03,Conduct phishing simulation exercises at least quarterly,equivalent,"S11.05 planifie en continu des campagnes de simulation d'hameçonnage (l'annotation confirme qu'elles servent à 'former et sensibiliser'). Équivalent direct des exercices de simulation d'hameçonnage récurrents (au moins trimestriels) de 13.03: même objet, cadence récurrente compatible ('en continu' >= trimestriel) -> equal. Paire la plus solide."
hitrust-csf-v11,S11.05,13.09,"Include training on social engineering, physical security, and clean desk policies",recoupement_partiel,"Les simulations d'hameçonnage de S11.05 développent la vigilance à l'ingénierie sociale, thème explicitement nommé par 13.09 (l'hameçonnage est le vecteur canonique d'ingénierie sociale, donc lien nommé et non générique). Recouvrement partiel seulement: S11.05 (méthode de simulation, hameçonnage) ne couvre ni la sécurité physique ni la politique du bureau propre, et 13.09 (contenu de formation) ne couvre pas la dimension exercice/test. Aucun n'inclut l'autre -> intersect. Défendable."
hitrust-csf-v11,S11.06,04.08,Require VPN or secure access for mobile connections to corporate resources,tgv_plus_large,"Assurer une connectivité sécuritaire englobe l'exigence d'accès VPN/sécurisé pour les connexions mobiles vers les ressources corporatives, cas particulier de S11.06: superset correct."
hitrust-csf-v11,S11.06,05.02,Use WPA3 or WPA2-Enterprise with RADIUS authentication,tgv_plus_large,"S11.06 exige une connectivité sécuritaire au sens large; WPA3/WPA2-Enterprise + RADIUS n'est qu'un mécanisme précis de sécurisation du lien (authentification/chiffrement du sans-fil), donc entièrement inclus dans l'exigence TGV. Le critère TGV est plus large que ce contrôle spécifique."
hitrust-csf-v11,S13.01,07.08,Subscribe to vendor security advisories for all in-scope software,tgv_plus_large,Considérer les vulnérabilités des composantes tierces est plus large; l'abonnement aux avis de sécurité des fournisseurs (07.08) n'est qu'un des moyens de s'en informer. Portée TGV plus large -> superset.
hitrust-csf-v11,S13.02,14.03,Conduct security risk assessments for all critical and high-risk vendors,tgv_plus_large,S13.02 impose l'évaluation des menaces et des risques de l'ensemble des fournisseurs; 14.03 limite l'évaluation de risque aux fournisseurs critiques et à haut risque. La portée de S13.02 englobe entièrement celle de 14.03 (TRA superset de security risk assessment; tous fournisseurs superset de critiques/haut risque).
hitrust-csf-v11,S13.03,14.01,Maintain an inventory of all third-party vendors with access to sensitive data,recoupement_partiel,"S13.03 exige une liste de TOUS les fournisseurs participant au service (incluant ceux sans accès aux données); 14.01 vise l'inventaire des seuls fournisseurs ayant accès aux données sensibles (pouvant inclure des fournisseurs hors périmètre du service). Aucune population n'inclut l'autre, mais recouvrement réel et non générique sur la tenue d'un inventaire fournisseurs."
hitrust-csf-v11,S13.04,14.05,Include security requirements in all vendor contracts and BAAs,recoupement_partiel,"S13.04 définit les exigences de sécurité par fournisseur (la substance même de 14.05) mais ne les contractualise pas; 14.05 exige leur inclusion dans les contrats/BAA. Recouvrement réel sur le contenu sécuritaire, sans inclusion mutuelle. NB: la paire S13.06->14.05 a été rejetée car 'avoir des ententes contractuelles' ne porte aucune exigence de sécurité (recouvrement purement structurel)."
hitrust-csf-v11,S13.05,14.06,Monitor vendor compliance on an ongoing basis (not just at contract signing),equivalent,"Les deux exigent l'établissement de processus et procédures de surveillance de la conformité des fournisseurs à leurs obligations. Portée équivalente: surveiller la conformité via des processus établis impliqué le suivi continu ('ongoing, not just at signing') requis par 14.06."
hitrust-csf-v11,S14.03,14.07,Establish a vendor incident notification process with defined timelines,recoupement_partiel,"S14.03 exige un processus de gestion des incidents arrimé à celui des clients (coordination incluant l'harmonisation de la notification et des escalades), mais sans délais définis; 14.07 vise le processus de notification avec délais précis. Recouvrement sur la coordination d'incident inter-parties, aucune inclusion totale."
hitrust-csf-v11,S14.04,14.07,Establish a vendor incident notification process with defined timelines,recoupement_partiel,"S14.04 oblige à avertir les clients de tout incident touchant les données (la substance même de la notification visée par 14.07), mais sans délais définis ni formalisation en processus chiffré; 14.07 exige un processus de notification avec délais. Recouvrement réel sur l'acte de notification transfrontière prestataire-client."
hitrust-csf-v11,S16.02,07.02,Perform authenticated vulnerability scans (not just network-level),recoupement_partiel,"La validation de la conformité technique des composantes exige un accès interne/authentifié aux hôtes et examine leur état interne, tout comme le scan authentifié (07.02 se distingue justement par l'authentification vs le seul niveau réseau). Objectifs partiellement distincts (conformité vs vulnérabilités) mais recouvrement réel sur l'examen interne authentifié -> intersect."
hitrust-csf-v11,S16.03,07.05,Conduct annual penetration testing by a qualified third party,tgv_plus_etroit,"Le test d'intrusion administré par un prestataire externe correspond bien au tiers qualifié, mais le critère TGV est restreint à 'votre application' alors que 07.05 vise le pentest en général (toute portée) et fixe la cadence annuelle. Le pentest applicatif est un cas plus étroit du pentest tiers -> subset (et non equal, qui surestimerait l'équivalence de portée et de cadence)."
hitrust-csf-v11,S16.03,07.06,Include web application testing in the penetration testing scope,equivalent,"L'application testée étant de type Web (T08), le test d'intrusion applicatif EST un test d'intrusion d'application Web, soit exactement l'objet de 07.06 (inclusion du test applicatif Web dans la portée). Portées équivalentes -> equal (superset surestimait la couverture: le pentest TGV ne dépasse pas l'objet Web de 07.06)."
hitrust-csf-v11,T04,05.07,Document wireless network architecture and security configurations,recoupement_partiel,"Alignement topique réel sur la documentation d'architecture. T04 décrit l'architecture technologique globale supportant le PST (dont l'architecture sans-fil ferait partie), mais reste une description d'architecture et ne couvre pas explicitement la documentation des configurations de sécurité exigée par 05.07; à l'inverse 05.07 ne couvre pas l'architecture globale du PST. Relation corrigée de superset vers intersect: T04 n'inclut pas le volet configurations de sécurité, donc recouvrement partiel sans inclusion totale."
hitrust-csf-v11,T25,06.09,Test configuration changes in a staging environment before production deployment,recoupement_partiel,"Des environnements Dev/Test/Prod distincts et isolés fournissent l'environnement de pre-production explicitement nommé par le 06.09. Recouvrement partiel assumé: la séparation ne garantit pas à elle seule le test des changements, et 06.09 ne couvre pas les autres finalités de l'isolation. Intersect correct. Doublon S12.03 écarté au profit de cette formulation plus forte (isolés, Prod nommée)."
iso-22301-2019,S09.06,8.3.5,Implementation of solutions,recoupement_partiel,"La stratégie de sauvegarde permettant une récupération complète ou partielle des données (S09.06) est une solution de reprise implémentée recevable pour 8.3.5, mais ne recoupe que partiellement ce contrôle (aspects techniques de sauvegarde hors périmètre BCMS d'un côté, autres solutions de continuité non couvertes de l'autre)."
iso-22301-2019,S15.03,8.3.5,Implementation of solutions,tgv_plus_etroit,"La preuve de mise en place/arrimage des mécanismes de plan de reprise du SCT (S15.03) atteste l'implémentation d'une solution de reprise au sens de 8.3.5, dont elle constitue un cas particulier plus étroit."
iso-22301-2019,S15.04,8.4.4,Business continuity plans,tgv_plus_etroit,"Le plan de continuité des activités documenté (maintenance/exploitation de l'application) exigé par S15.04 est exactement la pièce que l'auditeur examine pour 8.4.4, mais 8.4.4 impose un contenu plus riche (rôles, seuils de déclenchement, étapes détaillées de reprise), d'où un TGV plus étroit."
iso-22301-2019,S15.05,8.4.5,Recovery,tgv_plus_etroit,"Le plan de recouvrement après sinistre couvrant les infrastructures (S15.05) fournit la preuve des activités de reprise post-perturbation demandée par 8.4.5, mais bornée à l'infrastructure alors que 8.4.5 vise la reprise de l'ensemble des opérations."
iso-22301-2019,S16.01,8.5,Exercise programme,tgv_plus_etroit,"Les rapports de tests périodiques du plan de reprise (S16.01) sont recevables comme preuve d'exercices sous 8.5, qui exige toutefois un programme d'exercices structuré et diversifié plus large que le seul test du plan."
iso-22301-2019,S16.01,8.6,Evaluation of business continuity documentation and capabilities,tgv_plus_etroit,"Le rapport de test périodique du plan de reprise, en tant qu'il vise explicitement à «vérifier son efficacité», constitue une évaluation de capacité recevable pour 8.6; TGV plus étroit car borné à l'efficacité du seul plan de reprise alors que 8.6 évalue l'ensemble de la documentation et des capacités de continuité."
iso-22301-2019,T26,8.3.5,Implementation of solutions,tgv_plus_etroit,"Critère au libellé identique à S15.03: la preuve d'arrimage aux mécanismes de reprise du SCT démontre l'implémentation d'une solution de reprise (8.3.5), sous-ensemble spécifique de la mise en œuvre des solutions de continuité."
iso-27001-2022,S01.01,8.2,Information security risk assessment,tgv_plus_etroit,Le rapport d'évaluation des risques de sécurité réalisé à la conception constitue une exécution ponctuelle du processus d'appréciation des risques exigé par 8.2.
iso-27001-2022,S01.01,A.5.8,Information security in project management,tgv_plus_etroit,L'appréciation des risques menée durant le projet de développement avant mise en production est la preuve attendue d'intégration de la sécurité dans la gestion de projet (A.5.8).
iso-27001-2022,S01.02,6.1.2,Information security risk assessment requirement,tgv_plus_etroit,"L'exigence d'évaluer périodiquement les risques sur la confidentialité, l'intégrité et la disponibilité recoupe le critère d'appréciation des risques CID de 6.1.2."
iso-27001-2022,S01.02,8.2,Information security risk assessment,recoupement_partiel,Les rapports d'évaluations périodiques des risques CID sont acceptes comme preuve de mise en oeuvre du processus d'appréciation des risques à intervalles planifiés (8.2).
iso-27001-2022,S01.03,6.1.2,Information security risk assessment requirement,recoupement_partiel,La réaffirmation périodique de l'évaluation initiale des risques correspond au processus documenté d'appréciation à intervalles planifiés de 6.1.2.
iso-27001-2022,S01.03,8.2,Information security risk assessment,recoupement_partiel,"La réévaluation des risques à chaque changement majeur, approuvée par la direction, alimente le processus d'appréciation des risques de 8.2."
iso-27001-2022,S02.01,5.2,Policy,recoupement_partiel,L'énoncé des objectifs et principes directeurs de sécurité recoupe la politique de sécurité de l'information de la clause 5.2.
iso-27001-2022,S02.01,A.5.1,Policies for information security,equivalent,"La politique de sécurité documentant objectifs, principes, rôles et gestion des dérogations est exactement la politique de sécurité de l'information exigée par A.5.1."
iso-27001-2022,S02.02,A.5.37,Documented operating procedures,recoupement_partiel,Les normes et procédures techniques établies pour atteindre les objectifs de sécurité sont des procédures d'exploitation documentées au sens d'A.5.37.
iso-27001-2022,S02.03,5.2,Policy,tgv_plus_etroit,La preuve de communication et d'approbation de la politique satisfait l'exigence de communication de la politique de la clause 5.2.
iso-27001-2022,S02.03,A.5.1,Policies for information security,tgv_plus_etroit,"L'approbation par la direction, la communication et la mise à jour des politiques constituent le sous-ensemble maintien de la politique de sécurité d'A.5.1."
iso-27001-2022,S02.04,A.5.10,Acceptable use of information and other associated assets,recoupement_partiel,Le cadre de bonnes pratiques d'utilisation des outils informatiques est une politique d'utilisation acceptable des actifs (A.5.10).
iso-27001-2022,S02.04,A.5.24,Information security incident management planning and preparation,recoupement_partiel,La procédure de réaction en cas d'incident correspond à la planification et préparation de la gestion des incidents (A.5.24).
iso-27001-2022,S03.01,5.3,"Organizational roles, responsibilities and authorities",recoupement_partiel,L'attribution des responsabilités de sécurité recoupe la définition et communication des rôles et autorités de la clause 5.3.
iso-27001-2022,S03.01,A.5.2,Information security roles and responsibilities,equivalent,La définition documentée des responsabilités de sécurité est précisément l'attribution des rôles et responsabilités de sécurité d'A.5.2.
iso-27001-2022,S03.02,A.5.2,Information security roles and responsibilities,tgv_plus_etroit,L'attribution d'un responsable de sécurité à l'application est un cas particulier de l'affectation des rôles de sécurité d'A.5.2.
iso-27001-2022,S03.02,A.5.9,Inventory of information and other associated assets,recoupement_partiel,La désignation d'un propriétaire responsable de chaque actif recoupe l'attribution de propriété exigée par l'inventaire des actifs d'A.5.9.
iso-27001-2022,S03.03,A.5.3,Segregation of duties,equivalent,L'identification des tâches incompatibles et les mesures pour en limiter l'usage constituent la séparation des tâches d'A.5.3.
iso-27001-2022,S03.04,A.5.8,Information security in project management,equivalent,La méthode de gestion de projet intégrant l'identification et le traitement des risques de sécurité est la sécurité dans la gestion de projet d'A.5.8.
iso-27001-2022,S03.05,A.8.1,User end point devices,tgv_plus_etroit,La gestion des risques propres aux appareils mobiles est le sous-ensemble mobiles de la protection des terminaux d'A.8.1.
iso-27001-2022,S03.06,A.6.7,Remote working,equivalent,La politique couvrant les risques du télétravail est exactement le contrôle travail à distance d'A.6.7.
iso-27001-2022,S04.01,7.2,Competence,equivalent,La preuve que le personnel possède les compétences requises pour ses fonctions est l'exigence de compétence de la clause 7.2.
iso-27001-2022,S04.02,7.3,Awareness,recoupement_partiel,La sensibilisation de l'ensemble du personnel recoupe l'exigence de sensibilisation de la clause 7.3.
iso-27001-2022,S04.02,A.6.3,"Information security awareness, education and training",equivalent,"Le programme de sensibilisation et de formation à la sécurité pour tout le personnel est le contrôle de sensibilisation, éducation et formation d'A.6.3."
iso-27001-2022,S04.03,A.6.2,Terms and conditions of employment,recoupement_partiel,L'information des employés et contractants sur leurs responsabilités de sécurité recoupe les responsabilités inscrites aux conditions d'emploi d'A.6.2.
iso-27001-2022,S04.03,A.6.3,"Information security awareness, education and training",recoupement_partiel,La communication des procédures à appliquer aux intervenants recoupe la formation et la sensibilisation d'A.6.3.
iso-27001-2022,S04.04,A.6.4,Disciplinary process,equivalent,Les sanctions approuvées pour non-respect des politiques de sécurité constituent le processus disciplinaire d'A.6.4.
iso-27001-2022,S04.05,A.6.5,Responsibilities after termination or change of employment,equivalent,Le rappel des obligations subsistant à la fin de l'emploi est exactement le contrôle des responsabilités après cessation d'emploi d'A.6.5.
iso-27001-2022,S05.01,A.5.10,Acceptable use of information and other associated assets,recoupement_partiel,Les conditions d'utilisation de l'application et des actifs recoupent la politique d'utilisation acceptable des actifs d'A.5.10.
iso-27001-2022,S05.02,A.5.10,Acceptable use of information and other associated assets,recoupement_partiel,La présentation des conditions d'utilisation à la première utilisation avec consignation de l'acceptation matérialise l'utilisation acceptable des actifs d'A.5.10.
iso-27001-2022,S05.03,A.5.10,Acceptable use of information and other associated assets,tgv_plus_etroit,La consultation permanente et le rappel périodique des conditions d'utilisation relèvent du maintien de l'utilisation acceptable d'A.5.10.
iso-27001-2022,S05.04,A.5.9,Inventory of information and other associated assets,equivalent,L'inventaire de l'application et des actifs avec responsable attitré est exactement l'inventaire des actifs avec propriété d'A.5.9.
iso-27001-2022,S05.05,A.5.12,Classification of information,equivalent,"La classification de l'application et des actifs en disponibilité, intégrité et confidentialité est la classification de l'information d'A.5.12."
iso-27001-2022,S05.06,A.5.11,Return of assets,equivalent,La restitution des actifs confiés au terme du contrat est exactement le contrôle restitution des actifs d'A.5.11.
iso-27001-2022,S05.07,A.7.10,Storage media,tgv_plus_etroit,L'encadrement des supports amovibles selon la classification est le sous-ensemble supports amovibles de la gestion des supports de stockage d'A.7.10.
iso-27001-2022,S05.08,A.7.10,Storage media,tgv_plus_etroit,La procédure de mise au rebut sécurisée des supports d'information est le volet élimination de la gestion des supports d'A.7.10.
iso-27001-2022,S05.08,A.7.14,Secure disposal or re-use of equipment,recoupement_partiel,La mise au rebut sécurisée des supports recoupe l'élimination ou réutilisation sécurisée des équipements d'A.7.14.
iso-27001-2022,S06.01,A.5.15,Access control,equivalent,La politique de gestion des accès applicable à tous les intervenants est exactement le contrôle d'accès d'A.5.15.
iso-27001-2022,S06.02,A.5.15,Access control,tgv_plus_etroit,Les règles de gestion des accès à l'application sont un cas particulier du contrôle d'accès d'A.5.15.
iso-27001-2022,S06.03,A.8.3,Information access restriction,equivalent,"Le mécanisme limitant l'accès aux seules composantes, fonctions et informations autorisées est exactement la restriction d'accès à l'information d'A.8.3."
iso-27001-2022,S06.04,A.8.2,Privileged access rights,equivalent,La réservation des activités à privilèges élevés à des comptes dédiés contrôles est exactement le contrôle des droits d'accès à privilèges d'A.8.2.
iso-27001-2022,S06.05,A.5.17,Authentication information,tgv_plus_etroit,La gestion de la complexité et robustesse des mots de passe est le volet politique de mots de passe de l'information d'authentification d'A.5.17.
iso-27001-2022,S06.06,A.8.5,Secure authentication,tgv_plus_etroit,L'obligation d'authentification multifacteur est un cas particulier de l'authentification sécurisée d'A.8.5.
iso-27001-2022,S06.07,A.8.5,Secure authentication,tgv_plus_etroit,Le recours à des protocoles d'authentification sécurisés modernes et à la fédération d'identités relève de l'authentification sécurisée d'A.8.5.
iso-27001-2022,S06.08,A.5.17,Authentication information,tgv_plus_etroit,La préservation de la confidentialité et le non-stockage des mots de passe relèvent de la protection de l'information d'authentification d'A.5.17.
iso-27001-2022,S06.09,A.5.17,Authentication information,tgv_plus_etroit,La possibilité pour l'utilisateur de changer son mot de passe est un volet de la gestion de l'information d'authentification d'A.5.17.
iso-27001-2022,S06.10,A.8.3,Information access restriction,recoupement_partiel,Le minimum de privilèges accordé aux composantes recoupe la restriction d'accès à l'information d'A.8.3.
iso-27001-2022,S06.10,A.8.5,Secure authentication,recoupement_partiel,L'authentification mutuelle des communications entre composantes recoupe l'authentification sécurisée d'A.8.5.
iso-27001-2022,S06.11,A.5.17,Authentication information,tgv_plus_etroit,L'interdiction de mots de passe en clair dans le code et les scripts est le volet protection des secrets de l'information d'authentification d'A.5.17.
iso-27001-2022,S06.11,A.8.28,Secure coding,tgv_plus_etroit,"L'interdiction de tout mot de passe en clair dans le code source, scripts et macros est une règle canonique de codage sécurisé qu'une revue de code A.8.28 vérifié directement; S06.11 est un sous-ensemble précis du codage sécurisé (le mapping existant vers A.5.17 ne couvre que le volet protection du secret)."
iso-27001-2022,S06.12,A.5.18,Access rights,tgv_plus_etroit,Les fonctionnalités facilitant la revue des accès servent la revue périodique des droits d'accès d'A.5.18.
iso-27001-2022,S06.13,A.5.15,Access control,recoupement_partiel,Les profils d'accès basés sur les fonctionnalités recoupent la mise en oeuvre du contrôle d'accès d'A.5.15.
iso-27001-2022,S06.13,A.8.3,Information access restriction,tgv_plus_etroit,La gestion des accès par profils octroyant les seuls accès nécessaires est la mise en oeuvre du moindre privilège de la restriction d'accès d'A.8.3.
iso-27001-2022,S06.14,A.5.18,Access rights,tgv_plus_etroit,Les fonctionnalités de gestion des accès offertes à l'acquéreur servent la provision et la gestion des droits d'accès d'A.5.18.
iso-27001-2022,S06.15,A.8.5,Secure authentication,tgv_plus_etroit,La fonction de déconnexion aisée relève de la gestion sécurisée des sessions de l'authentification sécurisée d'A.8.5.
iso-27001-2022,S06.16,A.8.5,Secure authentication,tgv_plus_etroit,Le verrouillage du compte après cinq échecs de connexion est une mesure anti-force-brute de l'authentification sécurisée d'A.8.5.
iso-27001-2022,S06.17,A.8.5,Secure authentication,tgv_plus_etroit,L'affichage d'un message d'échec générique sans détail des champs invalides relève des bonnes pratiques d'ouverture de session sécurisée d'A.8.5.
iso-27001-2022,S06.18,A.5.16,Identity management,tgv_plus_etroit,L'interdiction des comptes génériques matérialise l'exigence d'identités uniques de la gestion des identités d'A.5.16.
iso-27001-2022,S06.19,A.8.5,Secure authentication,tgv_plus_etroit,La déconnexion automatique après inactivité est une mesure de gestion de session de l'authentification sécurisée d'A.8.5.
iso-27001-2022,S06.20,A.8.4,Access to source code,equivalent,La restriction de l'accès au code source est exactement le contrôle accès au code source d'A.8.4.
iso-27001-2022,S06.21,A.8.5,Secure authentication,tgv_plus_etroit,La protection de l'authentification par test CAPTCHA est une mesure anti-automatisation de l'authentification sécurisée d'A.8.5.
iso-27001-2022,S06.23,A.8.16,Monitoring activities,tgv_plus_etroit,La détection et l'alerte des attaques par bourrage de justificatifs relèvent de la surveillance des activités et détection d'anomalies d'A.8.16.
iso-27001-2022,S06.24,A.5.16,Identity management,tgv_plus_etroit,L'exigence que les comptes proviennent de l'annuaire centralisé est un cas particulier de la gestion centralisée des identités d'A.5.16.
iso-27001-2022,S06.25,A.8.15,Logging,tgv_plus_etroit,La journalisation des accès au PST exposé sur Internet est un sous-ensemble de la journalisation d'A.8.15.
iso-27001-2022,S07.01,A.8.24,Use of cryptography,equivalent,Le chiffrement des données sensibles au repos et en transit est exactement l'utilisation de la cryptographie d'A.8.24.
iso-27001-2022,S07.02,A.8.20,Networks security,recoupement_partiel,L'authentification mutuelle des flux entre composantes recoupe la sécurité des réseaux d'A.8.20.
iso-27001-2022,S07.02,A.8.24,Use of cryptography,tgv_plus_etroit,Le chiffrement des communications entre composantes est le volet chiffrement en transit de l'utilisation de la cryptographie d'A.8.24.
iso-27001-2022,S08.01,A.8.24,Use of cryptography,tgv_plus_etroit,La documentation de la gestion des clés sur tout leur cycle de vie est le volet gestion des clés de la cryptographie d'A.8.24.
iso-27001-2022,S08.02,A.7.1,Physical security perimeters,tgv_plus_etroit,Le contrôle d'accès et la protection physique des locaux d'hébergement relèvent des périmètres de sécurité physique d'A.7.1.
iso-27001-2022,S08.02,A.7.2,Physical entry,tgv_plus_etroit,Le contrôle d'accès aux locaux hébergeant les composantes est le contrôle des entrées physiques d'A.7.2.
iso-27001-2022,S08.03,A.7.2,Physical entry,tgv_plus_etroit,Le contrôle d'accès physique aux locaux des développeurs est le contrôle des entrées physiques d'A.7.2.
iso-27001-2022,S08.03,A.7.3,"Securing offices, rooms and facilities",tgv_plus_etroit,La sécurisation des locaux des équipes de développement et de soutien relève de la sécurisation des bureaux et installations d'A.7.3.
iso-27001-2022,S08.04,A.7.13,Equipment maintenance,equivalent,L'entretien approprié du matériel hébergeant l'application est exactement la maintenance des équipements d'A.7.13.
iso-27001-2022,S09.01,A.7.7,Clear desk and clear screen,equivalent,La politique du bureau propre et de l'écran vide est exactement le contrôle bureau propre et écran vide d'A.7.7.
iso-27001-2022,S09.02,A.5.37,Documented operating procedures,equivalent,La documentation et la communication des procédures d'exploitation sont exactement les procédures d'exploitation documentées d'A.5.37.
iso-27001-2022,S09.04,A.5.37,Documented operating procedures,tgv_plus_etroit,"Le guide d'installation et d'entretien (config, accès, surveillance, sauvegardes) est un ensemble de procédures d'exploitation documentées d'A.5.37."
iso-27001-2022,S09.04,A.8.9,Configuration management,recoupement_partiel,La documentation de la configuration des serveurs et terminaux recoupe la gestion de la configuration d'A.8.9.
iso-27001-2022,S09.05,A.8.13,Information backup,tgv_plus_etroit,Le système de sauvegarde à l'abri des rançongiciels est une exigence renforcée de la sauvegarde de l'information d'A.8.13.
iso-27001-2022,S09.06,A.8.13,Information backup,equivalent,Les stratégies de sauvegarde permettant une récupération complète ou partielle des données sont exactement la sauvegarde de l'information d'A.8.13.
iso-27001-2022,S09.07,A.8.32,Change management,equivalent,Le processus documenté de gestion des changements de l'application est exactement le contrôle gestion des changements d'A.8.32.
iso-27001-2022,S09.08,A.8.32,Change management,tgv_plus_etroit,La gestion des versions identifiant chaque changement par un numéro relève de la traçabilité de la gestion des changements d'A.8.32.
iso-27001-2022,S09.09,A.8.8,Management of technical vulnerabilities,equivalent,Le plan de gestion continue des vulnérabilités est exactement la gestion des vulnérabilités techniques d'A.8.8.
iso-27001-2022,S09.10,A.8.8,Management of technical vulnerabilities,tgv_plus_etroit,L'application diligente des correctifs de sécurité est le volet correctifs de la gestion des vulnérabilités techniques d'A.8.8.
iso-27001-2022,S09.11,A.8.8,Management of technical vulnerabilities,recoupement_partiel,La documentation de composantes reposant sur des technologies supportées par leur fournisseur recoupe la maîtrise des versions vulnérables de la gestion des vulnérabilités d'A.8.8.
iso-27001-2022,S09.12,A.8.28,Secure coding,recoupement_partiel,L'absence de porte dérobée dans l'application recoupe les exigences de codage sécurisé d'A.8.28.
iso-27001-2022,S10.01,A.8.7,Protection against malware,equivalent,La solution antivirus récente avec fonction EDR sur tous les systèmes est exactement la protection contre les logiciels malveillants d'A.8.7.
iso-27001-2022,S10.02,A.8.16,Monitoring activities,recoupement_partiel,Les mécanismes de gestion des exceptions et d'alertes de la solution recoupent la surveillance des activités d'A.8.16.
iso-27001-2022,S10.03,A.5.16,Identity management,recoupement_partiel,L'utilisation des règles d'accès du portail provincial de gestion de l'identité et des accès recoupe la gestion des identités d'A.5.16.
iso-27001-2022,S10.04,A.8.15,Logging,equivalent,"La journalisation de toute activité (acteur, moment, nature, informations concernées) est exactement la journalisation d'A.8.15."
iso-27001-2022,S10.05,A.8.15,Logging,tgv_plus_etroit,"Le filtrage, l'analyse et l'extraction en format standard des journaux relèvent de l'exploitation des journaux d'A.8.15."
iso-27001-2022,S10.05,A.8.16,Monitoring activities,recoupement_partiel,L'analyse de l'information journalisée pour produire des rapports recoupe la surveillance des activités d'A.8.16.
iso-27001-2022,S10.06,A.8.16,Monitoring activities,equivalent,Les fonctionnalités d'alerte sur comportements anormaux et incidents potentiels sont exactement la surveillance des activités d'A.8.16.
iso-27001-2022,S10.07,A.8.16,Monitoring activities,tgv_plus_etroit,Les systèmes de détection d'intrusion sont un moyen de la surveillance et de la détection des menaces d'A.8.16.
iso-27001-2022,S10.07,A.8.20,Networks security,recoupement_partiel,Les systèmes de détection d'intrusion recoupent la sécurité des réseaux d'A.8.20.
iso-27001-2022,S10.08,A.8.15,Logging,recoupement_partiel,Le rôle d'auditeur permettant la consultation des rapports d'audit recoupe l'accès protégé et exploitable aux journaux d'A.8.15.
iso-27001-2022,S10.09,A.8.15,Logging,tgv_plus_etroit,La protection des journaux contre l'altération et la divulgation est le volet protection des journaux d'A.8.15.
iso-27001-2022,S11.01,A.5.33,Protection of records,recoupement_partiel,La conservation de l'information journalisée selon les lois et normes recoupe la protection et rétention des enregistrements d'A.5.33.
iso-27001-2022,S11.01,A.8.15,Logging,tgv_plus_etroit,La conservation des journaux selon un calendrier légal relève de la rétention des journaux d'A.8.15.
iso-27001-2022,S11.02,A.5.14,Information transfer,recoupement_partiel,"La protection des communications entre composantes, y compris le soutien à distance, recoupe le transfert sécurisé de l'information d'A.5.14."
iso-27001-2022,S11.02,A.8.20,Networks security,recoupement_partiel,La sécurisation des flux entre composantes recoupe la sécurité des réseaux d'A.8.20.
iso-27001-2022,S11.03,A.8.22,Segregation of networks,equivalent,Le cloisonnement de l'environnement d'exécution (accès public vs zone serveur) est exactement la ségrégation des réseaux d'A.8.22.
iso-27001-2022,S11.04,A.5.14,Information transfer,tgv_plus_etroit,L'encadrement du courrier électronique ne traitant pas d'information confidentielle est le volet courriel du transfert de l'information d'A.5.14.
iso-27001-2022,S11.04,A.8.12,Data leakage prevention,recoupement_partiel,Les mesures empêchant l'information confidentielle de transiter par courriel recoupent la prévention des fuites de données d'A.8.12.
iso-27001-2022,S11.05,A.6.3,"Information security awareness, education and training",tgv_plus_etroit,Les campagnes de simulation d'hameçonnage sont un moyen de la sensibilisation et formation à la sécurité d'A.6.3.
iso-27001-2022,S11.06,A.8.20,Networks security,tgv_plus_etroit,L'assurance d'une connectivité sécuritaire relève de la sécurité des réseaux d'A.8.20.
iso-27001-2022,S12.01,A.6.3,"Information security awareness, education and training",equivalent,"Le plan de formation continue en cybersécurité (hameçonnage, rançongiciels, ingénierie sociale) est exactement la sensibilisation et formation à la sécurité d'A.6.3."
iso-27001-2022,S12.02,A.8.25,Secure development life cycle,equivalent,La prise en compte de la sécurité à chaque étape du développement est exactement le cycle de développement sécurisé d'A.8.25.
iso-27001-2022,S12.03,A.8.31,"Separation of development, test and production environments",equivalent,"La séparation des environnements de développement, de test et d'exploitation est exactement le contrôle d'A.8.31."
iso-27001-2022,S12.04,A.8.28,Secure coding,tgv_plus_etroit,Le respect des bonnes pratiques de sécurité de l'industrie dans le développement relève du codage sécurisé d'A.8.28.
iso-27001-2022,S12.05,A.8.27,Secure system architecture and engineering principles,equivalent,Le respect des principes d'ingénierie de la sécurité des systèmes est exactement les principes d'ingénierie et d'architecture sécurisées d'A.8.27.
iso-27001-2022,S12.06,A.8.30,Outsourced development,equivalent,La supervision de tout développement réalisé à l'externe est exactement le contrôle développement externalisé d'A.8.30.
iso-27001-2022,S12.07,A.8.33,Test information,equivalent,L'interdiction d'utiliser de l'information confidentielle de production en développement est exactement la protection des données de test d'A.8.33.
iso-27001-2022,S12.08,A.8.29,Security testing in development and acceptance,recoupement_partiel,La stratégie de tests applicatifs recoupe les tests de sécurité en développement et en recette d'A.8.29.
iso-27001-2022,S13.01,A.5.21,Managing information security in the ICT supply chain,recoupement_partiel,La maîtrise des vulnérabilités des composantes tierces recoupe la gestion de la sécurité dans la chaîne d'approvisionnement TIC d'A.5.21.
iso-27001-2022,S13.01,A.8.8,Management of technical vulnerabilities,recoupement_partiel,La prise en compte des vulnérabilités des composantes tierces et leur mise à jour recoupe la gestion des vulnérabilités techniques d'A.8.8.
iso-27001-2022,S13.02,A.5.19,Information security in supplier relationships,recoupement_partiel,L'évaluation des menaces et des risques préalable au recours à un fournisseur recoupe la diligence des relations fournisseurs d'A.5.19.
iso-27001-2022,S13.03,A.5.19,Information security in supplier relationships,tgv_plus_etroit,La liste des fournisseurs et la nature de leurs services relève de la gestion des relations fournisseurs d'A.5.19.
iso-27001-2022,S13.04,A.5.20,Addressing information security within supplier agreements,equivalent,"La liste des exigences (sécurité, accès, niveau de service, incidents) par fournisseur alimente exactement la prise en compte de la sécurité dans les accords fournisseurs d'A.5.20."
iso-27001-2022,S13.05,A.5.22,"Monitoring, review and change management of supplier services",equivalent,"Les processus de surveillance de la conformité des fournisseurs sont exactement le suivi, la revue et la gestion des changements des services fournisseurs d'A.5.22."
iso-27001-2022,S13.06,A.5.20,Addressing information security within supplier agreements,tgv_plus_etroit,Les ententes contractuelles conclues avec chaque fournisseur matérialisent les accords fournisseurs d'A.5.20.
iso-27001-2022,S14.01,A.5.22,"Monitoring, review and change management of supplier services",tgv_plus_etroit,L'évaluation régulière de la performance des fournisseurs relève du suivi et de la revue des services fournisseurs d'A.5.22.
iso-27001-2022,S14.02,A.5.23,Information security for use of cloud services,recoupement_partiel,La conformité de la localisation d'hébergement du PST recoupe la sécurité de l'usage des services infonuagiques d'A.5.23.
iso-27001-2022,S14.03,A.5.24,Information security incident management planning and preparation,tgv_plus_etroit,Le processus de gestion des incidents arrimé à celui des clients relève de la planification et préparation de la gestion des incidents d'A.5.24.
iso-27001-2022,S14.04,A.5.26,Response to information security incidents,tgv_plus_etroit,L'avertissement des clients de tout incident sur les données selon un processus établi relève de la réponse aux incidents d'A.5.26.
iso-27001-2022,S15.01,A.5.26,Response to information security incidents,recoupement_partiel,L'engagement à collaborer avec les clients pour la prise en charge d'un incident recoupe la réponse aux incidents d'A.5.26.
iso-27001-2022,S15.02,A.8.16,Monitoring activities,recoupement_partiel,La surveillance de la solution conforme à la classification et aux normes d'hébergement recoupe la surveillance des activités d'A.8.16.
iso-27001-2022,S15.03,A.5.30,ICT readiness for business continuity,recoupement_partiel,L'arrimage aux mécanismes de plan de reprise en vigueur recoupe la préparation des TIC à la continuité d'activité d'A.5.30.
iso-27001-2022,S15.04,A.5.29,Information security during disruption,recoupement_partiel,Le maintien des activités durant une perturbation recoupe la sécurité de l'information pendant une perturbation d'A.5.29.
iso-27001-2022,S15.04,A.5.30,ICT readiness for business continuity,recoupement_partiel,Le plan de continuité de maintenance et d'exploitation recoupe la préparation des TIC à la continuité d'activité d'A.5.30.
iso-27001-2022,S15.05,A.5.30,ICT readiness for business continuity,tgv_plus_etroit,Le plan de recouvrement après sinistre des infrastructures est le volet reprise après sinistre de la préparation des TIC à la continuité d'A.5.30.
iso-27001-2022,S16.01,A.5.30,ICT readiness for business continuity,tgv_plus_etroit,Le test périodique du plan de reprise est l'exigence de test des plans de reprise de la préparation des TIC à la continuité d'A.5.30.
iso-27001-2022,S16.02,A.5.36,"Compliance with policies, rules and standards for information security",recoupement_partiel,La stratégie de validation de la conformité technique des composantes recoupe la vérification de conformité aux normes de sécurité d'A.5.36.
iso-27001-2022,S16.03,A.5.35,Independent review of information security,recoupement_partiel,"Le test d'intrusion administré par un prestataire INDÉPENDANT et reconnu par Santé Québec fournit une revue indépendante de la mise en oeuvre technique de la sécurité, recoupant l'exigence de revue indépendante de la sécurité de l'information d'A.5.35 (complémentaire au test de sécurité technique déjà mappé vers A.8.29)."
iso-27001-2022,S16.03,A.8.29,Security testing in development and acceptance,tgv_plus_etroit,Le test d'intrusion administré par un prestataire indépendant reconnu est un cas particulier des tests de sécurité d'A.8.29.
iso-27001-2022,S16.04,A.5.32,Intellectual property rights,equivalent,La garantie de détention des droits de propriété intellectuelle du code (ou l'explicitation des licences) est exactement le contrôle droits de propriété intellectuelle d'A.5.32.
iso-27701-2025,P01.01,A.3.3-4,Politique de vie privee et roles,tgv_plus_etroit,P01.01 exige une politique de protection de la vie privée/RP; A.3.3-4 impose d'établir cette politique et d'attribuer les rôles. Le critère TGV est l'instance précise de l'exigence de politique du groupe partage.
iso-27701-2025,P01.02,A.3.3-4,Politique de vie privee et roles,tgv_plus_etroit,P01.02 encadre la PRP par politiques/processus/directives/procédures; correspond à l'établissement du dispositif documentaire et de gouvernance des RP de A.3.3-4.
iso-27701-2025,P01.03,A.1.3.2-4,Transparence et information,tgv_plus_etroit,"P01.03 rend la politique de confidentialité facilement consultable par l'utilisateur, ce qui réalisé l'obligation d'information transparente et accessible de A.1.3.2-4."
iso-27701-2025,P01.04,A.1.3.2-4,Transparence et information,tgv_plus_etroit,P01.04 publie de l'information détaillée sur la gouvernance des RP en termes simples/clairs sur le site = obligation de transparence (A.1.3.2-4).
iso-27701-2025,P01.04,A.3.3-4,Politique de vie privee et roles,tgv_plus_etroit,P01.04 établit des politiques et pratiques encadrant la gouvernance des RP = volet politique et rôles de A.3.3-4.
iso-27701-2025,P01.05,A.1.3.2-4,Transparence et information,tgv_plus_etroit,P01.05 détaille dans les politiques ce qui est collecté/conservé/communiqué/détruit = information transparente sur le traitement fournie aux personnes (A.1.3.2-4).
iso-27701-2025,P02.01,A.3.3-4,Politique de vie privee et roles,tgv_plus_etroit,P02.01 désigne un responsable de la PRP chargé de la mise en oeuvre = attribution des rôles et responsabilités vie privée de A.3.3-4.
iso-27701-2025,P02.02,A.3.3-4,Politique de vie privee et roles,tgv_plus_etroit,P02.02 dote le responsable des ressources humaines/techniques/financières = engagement de la direction et ressources pour les rôles définis à A.3.3-4.
iso-27701-2025,P02.03,A.3.3-4,Politique de vie privee et roles,tgv_plus_etroit,P02.03 impliqué le responsable PRP dans le projet de développement = exercice concret des rôles/responsabilités vie privée (A.3.3-4).
iso-27701-2025,P03.01,A.1.4.2-5,Minimisation des donnees,recoupement_partiel,P03.01 intègre des activités assurant le respect des principes de PRP dès la conception (privacy by design); recoupe le noyau minimisation/protection des données dès la conception de A.1.4.2-5 sans se limiter à la seule minimisation.
iso-27701-2025,P03.02,A.3.13-16,"Conformite, audit et revue",tgv_plus_etroit,P03.02 cerné et analyse les risques d'atteinte à la vie privée des les premières étapes et tout au long du projet = évaluation des risques vie privée alimentant le dispositif de conformité/revue de A.3.13-16.
iso-27701-2025,P04.01,A.3.13-16,"Conformite, audit et revue",tgv_plus_etroit,P04.01 réalisé une ÉFVP évaluant la conformité du projet aux lois et relevant les risques = instrument d'évaluation de conformité réglementaire du groupe A.3.13-16.
iso-27701-2025,P04.02,A.3.13-16,"Conformite, audit et revue",tgv_plus_etroit,P04.02 exige que l'ÉFVP contienne les éléments requis par la CAI = complétude de l'évaluation de conformité couverte par A.3.13-16.
iso-27701-2025,P05.01,A.3.17-19,Securite du personnel et bureau range,tgv_plus_etroit,P05.01 sensibilisé le personnel à la protection de la vie privée et aux bonnes pratiques = sensibilisation/formation du personnel de A.3.17-19.
iso-27701-2025,P05.02,A.1.3.2-4,Transparence et information,tgv_plus_etroit,P05.02 informe acquéreur et utilisateurs de l'usage autorisé et des mesures de sécurité et de leur rôle = information fournie aux utilisateurs sur le traitement (A.1.3.2-4).
iso-27701-2025,P06.01,A.1.3.2-4,Transparence et information,tgv_plus_etroit,P06.01 informe l'utilisateur de la finalité de la collecte et de l'usage des RP = transparence sur les finalités du traitement (A.1.3.2-4).
iso-27701-2025,P06.02,A.1.2.2-5,Base legale et consentement,tgv_plus_etroit,P06.02 s'assure de l'obtention du consentement et de l'information sur motifs/usage/tiers/droit de retrait = base de consentement geree à A.1.2.2-5.
iso-27701-2025,P06.02,A.1.3.2-4,Transparence et information,tgv_plus_etroit,"P06.02 exige, au-delà de l'obtention du consentement (déjà mappé à A.1.2.2-5), que les personnes concernées soient systématiquement informées des motifs de la collecte, de l'utilisation prévue, des tiers impliqués et de leur droit de rétractation. Ce volet information/transparence est une exigence distincte qui réalisé l'obligation de fournir aux personnes une information claire sur le traitement du groupe A.1.3.2-4. Mapping dual justifié (consentement + transparence), ratio maintenu à 2."
iso-27701-2025,P06.03,A.1.2.2-5,Base legale et consentement,tgv_plus_etroit,P06.03 recueille et consigne le consentement à la collecte = obtention et preuve du consentement (A.1.2.2-5).
iso-27701-2025,P06.04,A.1.2.2-5,Base legale et consentement,tgv_plus_etroit,P06.04 consigne l'attestation que le professionnel à obtenu le consentement pour collecter = preuve du consentement (A.1.2.2-5).
iso-27701-2025,P06.05,A.1.2.2-5,Base legale et consentement,tgv_plus_etroit,P06.05 recueille/consigne le consentement à la communication des RP = gestion et preuve du consentement (A.1.2.2-5).
iso-27701-2025,P06.06,A.1.2.2-5,Base legale et consentement,tgv_plus_etroit,P06.06 fait confirmer formellement tout transfert spécifique de RP du DSQ = consentement/confirmation propre à une communication (A.1.2.2-5).
iso-27701-2025,P06.07,A.1.2.2-5,Base legale et consentement,tgv_plus_etroit,"P06.07 gère finement le consentement (paramètres d'acceptation, préférences) = gestion du consentement incluant préférences et retrait (A.1.2.2-5)."
iso-27701-2025,P06.08,A.1.2.2-5,Base legale et consentement,tgv_plus_etroit,"P06.08 consigne, en collecte indirecte, une déclaration justifiant la provenance des RP = établissement de la base légale/autorisation de la collecte indirecte (A.1.2.2-5)."
iso-27701-2025,P06.09,A.1.2.2-5,Base legale et consentement,tgv_plus_etroit,P06.09 consigne l'acceptation des conditions d'utilisation par chaque utilisateur = preuve d'accord/consentement documenté (A.1.2.2-5).
iso-27701-2025,P06.10,A.1.5.2-5,Transfert et divulgation des RP,tgv_plus_etroit,P06.10 respecte l'encadrement de la communication de RP sans consentement = règles et registre de divulgation de A.1.5.2-5.
iso-27701-2025,P06.11,A.1.2.2-5,Base legale et consentement,tgv_plus_etroit,P06.11 obtient le consentement des titulaires de l'autorité parentale pour les mineurs de moins de 14 ans = condition de consentement spécifique (A.1.2.2-5).
iso-27701-2025,P06.12,A.1.2.2-5,Base legale et consentement,tgv_plus_etroit,P06.12 consigne l'attestation d'obtention du consentement pour communiquer les RP = preuve du consentement à la communication (A.1.2.2-5).
iso-27701-2025,P07.01,A.3.8-10,"Identite, acces et controles fournisseurs",tgv_plus_etroit,P07.01 s'assure que les partenaires respectent ses exigences PRP = encadrement et contrôle des fournisseurs traitant des RP (A.3.8-10).
iso-27701-2025,P07.02,A.1.3.2-4,Transparence et information,tgv_plus_etroit,"P07.02 informe les utilisateurs de l'identité des parties prenantes (fournisseur, acquéreur, ministère) = transparence sur l'identité des intervenants au traitement (A.1.3.2-4)."
iso-27701-2025,P08.01,A.1.2.2-5,Base legale et consentement,tgv_plus_etroit,"P08.01 ne recueille les identifiants généraux (NAS, NAM...) qu'en vertu de dispositions légales/ententes, la personne informée = base légale de la collecte (A.1.2.2-5)."
iso-27701-2025,P08.02,A.1.3.2-4,Transparence et information,tgv_plus_etroit,"P08.02 informe préalablement, lors d'une collecte directe, de l'utilisation des RP = information au moment de la collecte (A.1.3.2-4)."
iso-27701-2025,P08.03,A.1.2.2-5,Base legale et consentement,tgv_plus_etroit,"P08.03 consigne, en collecte indirecte, une confirmation d'autorisation de la personne = base d'autorisation de la collecte indirecte (A.1.2.2-5)."
iso-27701-2025,P08.04,A.1.2.2-5,Base legale et consentement,tgv_plus_etroit,"P08.04 informe, obtient le consentement et justifie la collecte automatisée (témoins de navigation, localisation) = consentement aux identifiants/traceurs (A.1.2.2-5)."
iso-27701-2025,P08.04,A.1.3.2-4,Transparence et information,tgv_plus_etroit,"P08.04 impose explicitement d'INFORMER l'utilisateur de la collecte automatisée (témoins de navigation, information de localisation) et d'en justifier le recours, en plus d'obtenir son consentement (déjà mappé à A.1.2.2-5). Le volet 'vous l'en informez' constitue une obligation de transparence propre relevant du groupe A.1.3.2-4, distincte de la gestion du consentement. Correspondance forte et non redondante (l'obligation d'information est énoncée séparément dans le critère)."
iso-27701-2025,P08.05,A.1.2.6-9,Gouvernance de la vie privee et registres,tgv_plus_etroit,P08.05 permet de connaître la date de collecte (réception) des RP = métadonnée du traitement consignée au registre des traitements (A.1.2.6-9).
iso-27701-2025,P08.06,A.3.5-7,Classification de l'information et transfert,tgv_plus_etroit,P08.06 assure la traçabilité et un marquage spécifique des RP du DSQ tout au long du cycle de vie = classification/marquage de l'information selon sa sensibilité (A.3.5-7).
iso-27701-2025,P08.07,A.1.5.2-5,Transfert et divulgation des RP,tgv_plus_etroit,P08.07 identifie et trace toute communication de RP entrante/sortante = traçabilité et registre des communications et divulgations (A.1.5.2-5).
iso-27701-2025,P08.08,A.1.3.2-4,Transparence et information,tgv_plus_etroit,P08.08 garde l'information sur les RP collectés/traités facilement disponible pour l'utilisateur = accessibilité de l'information sur le traitement (A.1.3.2-4).
iso-27701-2025,P08.09,A.1.3.2-4,Transparence et information,tgv_plus_etroit,P08.09 informe l'utilisateur de la durée de conservation au moment de la collecte = information sur la conservation fournie à la personne (A.1.3.2-4).
iso-27701-2025,P09.01,A.3.8-10,"Identite, acces et controles fournisseurs",tgv_plus_etroit,P09.01 gère les accès aux RP par profils selon le moindre privilège = gestion de l'identité et des accès aux RP (A.3.8-10).
iso-27701-2025,P09.02,A.3.8-10,"Identite, acces et controles fournisseurs",tgv_plus_etroit,P09.02 authentifie les utilisateurs proportionnellement à la sensibilité des RP = assurance d'identité et contrôle d'accès aux RP (A.3.8-10).
iso-27701-2025,P09.03,A.3.8-10,"Identite, acces et controles fournisseurs",tgv_plus_etroit,P09.03 fondé chaque accès sur le besoin de connaître = principe de nécessité du contrôle d'accès aux RP (A.3.8-10).
iso-27701-2025,P09.04,A.3.8-10,"Identite, acces et controles fournisseurs",tgv_plus_etroit,P09.04 journalise l'ensemble des accès aux RP = traçabilité des accès intégrée au dispositif de gestion des accès (A.3.8-10).
iso-27701-2025,P09.05,A.3.8-10,"Identite, acces et controles fournisseurs",tgv_plus_etroit,"P09.05 relie chaque RP au type d'accès, aux tâches et aux profils = cartographie des accès aux RP (A.3.8-10)."
iso-27701-2025,P09.06,A.3.8-10,"Identite, acces et controles fournisseurs",tgv_plus_etroit,P09.06 journalise les accès de façon exploitable par des outils de gestion = revue et monitoring des accès aux RP (A.3.8-10).
iso-27701-2025,P09.07,A.3.8-10,"Identite, acces et controles fournisseurs",tgv_plus_etroit,P09.07 restreint l'accès aux RP selon le moment (plage horaire) = mesure de contrôle d'accès aux RP (A.3.8-10).
iso-27701-2025,P09.08,A.3.8-10,"Identite, acces et controles fournisseurs",tgv_plus_etroit,P09.08 renforcé le contrôle des accès à privilèges élevés = gestion des accès privilégiés aux RP (A.3.8-10).
iso-27701-2025,P09.09,A.3.8-10,"Identite, acces et controles fournisseurs",tgv_plus_etroit,P09.09 reserve la mise à jour des RP aux personnes autorisées avec journalisation des circonstances/origine = contrôle et traçabilité des accès en modification (A.3.8-10).
iso-27701-2025,P09.10,A.1.3.5-10,Droits des personnes concernees,tgv_plus_etroit,"P09.10 permet à la personne de définir les types de RP restreints, les groupes visés et la durée = exercice du droit de restreindre l'accès à ses RP (A.1.3.5-10)."
iso-27701-2025,P09.11,A.3.8-10,"Identite, acces et controles fournisseurs",tgv_plus_etroit,P09.11 vérifié à l'accès si le demandeur est visé par une restriction en vigueur = application opérationnelle du contrôle d'accès aux RP (A.3.8-10).
iso-27701-2025,P09.12,A.1.3.5-10,Droits des personnes concernees,tgv_plus_etroit,P09.12 permet de refuser temporairement l'accès du patient à ses RP avec motifs documentés = traitement et limitation encadrée du droit d'accès (A.1.3.5-10).
iso-27701-2025,P10.01,A.3.3-4,Politique de vie privee et roles,tgv_plus_etroit,P10.01 précise les rôles/responsabilités du personnel pour la PRP tout au long du cycle de vie = attribution des rôles et responsabilités (A.3.3-4).
iso-27701-2025,P10.02,A.1.4.6-10,"Cycle de vie, conservation et elimination des RP",tgv_plus_etroit,P10.02 détermine et justifie la durée de conservation de chaque RP = définition des durées de conservation de A.1.4.6-10.
iso-27701-2025,P10.03,A.3.23-31,"Controles techniques (authentification, chiffrement, developpement)",tgv_plus_etroit,P10.03 met en place des mesures de sécurité protégeant les RP tout au long du cycle de vie = contrôles techniques de protection des RP (A.3.23-31).
iso-27701-2025,P10.04,A.3.23-31,"Controles techniques (authentification, chiffrement, developpement)",tgv_plus_etroit,"P10.04 journalise toute activité sur chaque RP durant son cycle de vie = journalisation, mesure technique de A.3.23-31."
iso-27701-2025,P10.05,A.1.4.6-10,"Cycle de vie, conservation et elimination des RP",tgv_plus_etroit,P10.05 protège adéquatement les RP lors de leur archivage = conservation sécurisée au cours du cycle de vie (A.1.4.6-10).
iso-27701-2025,P10.06,A.1.4.6-10,"Cycle de vie, conservation et elimination des RP",tgv_plus_etroit,P10.06 détruit les RP lorsque la finalité de leur collecte est accomplie = élimination en fin de traitement (A.1.4.6-10).
iso-27701-2025,P10.07,A.1.4.6-10,"Cycle de vie, conservation et elimination des RP",tgv_plus_etroit,P10.07 anonymise les RP à des fins légitimes sous conditions/délai légaux = dépersonnalisation en fin de traitement (A.1.4.6-10).
iso-27701-2025,P10.08,A.1.4.6-10,"Cycle de vie, conservation et elimination des RP",tgv_plus_etroit,P10.08 rend la destruction irréversible et étendue à toutes les copies = élimination sécurisée des RP (A.1.4.6-10).
iso-27701-2025,P10.09,A.1.3.5-10,Droits des personnes concernees,tgv_plus_etroit,P10.09 respecte le droit à la cessation de diffusion/réindexation/désindexation (droit à l'oubli) = droit d'effacement/désindexation des personnes (A.1.3.5-10).
iso-27701-2025,P10.10,A.1.5.2-5,Transfert et divulgation des RP,tgv_plus_etroit,P10.10 applique les règles de communication des RP facilitant le processus de deuil (proches d'une personne décédée) = encadrement des divulgations (A.1.5.2-5).
iso-27701-2025,P11.01,A.1.2.2-5,Base legale et consentement,tgv_plus_etroit,P11.01 identifie les dispositions légales légitimant collecte/usage et en assure le respect = établissement de la base légale du traitement (A.1.2.2-5).
iso-27701-2025,P11.02,A.1.4.2-5,Minimisation des donnees,tgv_plus_etroit,"P11.02 destine chaque RP à un usage déterminé relié aux fonctionnalités = spécification et limitation des finalités, principe couvert par A.1.4.2-5."
iso-27701-2025,P11.03,A.1.4.2-5,Minimisation des donnees,tgv_plus_etroit,P11.03 réduit au minimum les RP utilisés et le nombre de destinataires = minimisation des données (A.1.4.2-5).
iso-27701-2025,P11.04,A.1.4.2-5,Minimisation des donnees,tgv_plus_etroit,P11.04 n'affiche l'identité des personnes concernées que lorsque nécessaire = minimisation/limitation de l'exposition des données (A.1.4.2-5).
iso-27701-2025,P11.05,A.1.4.2-5,Minimisation des donnees,tgv_plus_etroit,P11.05 n'utilise chaque RP que pour une finalité autorisée = limitation des finalités d'utilisation (A.1.4.2-5).
iso-27701-2025,P11.06,A.1.4.2-5,Minimisation des donnees,tgv_plus_etroit,P11.06 ne recueille que les RP strictement nécessaires = minimisation de la collecte (A.1.4.2-5).
iso-27701-2025,P11.07,A.1.4.2-5,Minimisation des donnees,tgv_plus_etroit,P11.07 créé/maintient chaque fichier de RP pour une finalité autorisée = limitation des finalités (A.1.4.2-5).
iso-27701-2025,P11.08,A.1.5.2-5,Transfert et divulgation des RP,tgv_plus_etroit,P11.08 contrôle l'extraction/communication des RP avec mesures de confidentialité = encadrement des communications/divulgations de RP (A.1.5.2-5).
iso-27701-2025,P11.10,A.3.8-10,"Identite, acces et controles fournisseurs",tgv_plus_etroit,P11.10 permet de savoir quand et par qui chaque RP a été utilisé = journalisation des accès et usages aux RP (A.3.8-10).
iso-27701-2025,P11.11,A.1.3.5-10,Droits des personnes concernees,tgv_plus_etroit,P11.11 rend accessibles à l'utilisateur les RP le concernant pour consultation/correction = droits d'accès et de rectification (A.1.3.5-10).
iso-27701-2025,P11.12,A.2.3.2,Obligations envers les personnes (sous-traitant),tgv_plus_etroit,P11.12 fournit à l'acquéreur des mécanismes pour répondre aux demandes de consultation/correction = aide du sous-traitant au client (responsable) pour répondre aux demandes des personnes (A.2.3.2).
iso-27701-2025,P11.13,A.1.3.5-10,Droits des personnes concernees,tgv_plus_etroit,P11.13 propage les RP mis à jour ou rectifiés = mise en oeuvre de la rectification et information des tiers (A.1.3.5-10).
iso-27701-2025,P11.14,A.1.4.2-5,Minimisation des donnees,tgv_plus_etroit,"P11.14 interdit l'utilisation secondaire (création/export/conservation/distribution, même anonymisée) hors cas légaux = limitation des finalités (A.1.4.2-5)."
iso-27701-2025,P11.15,A.1.4.2-5,Minimisation des donnees,tgv_plus_etroit,P11.15 limite chaque panorama aux RP strictement nécessaires à la tache = minimisation à l'affichage (A.1.4.2-5).
iso-27701-2025,P11.16,A.1.4.2-5,Minimisation des donnees,tgv_plus_etroit,P11.16 informe de la nécessité de mettre à jour les RP selon les règles/fréquence = maintien de l'exactitude des données (A.1.4.2-5).
iso-27701-2025,P11.17,A.1.4.2-5,Minimisation des donnees,tgv_plus_etroit,P11.17 tient compte des duplicatas et répliques lors des mises à jour = cohérence/exactitude des données sur toutes les copies (A.1.4.2-5).
iso-27701-2025,P11.18,A.1.5.2-5,Transfert et divulgation des RP,tgv_plus_etroit,P11.18 héberge les RP (y compris composantes redondantes) conformément aux exigences de la loi du Québec = juridiction/localisation d'hébergement encadrée par A.1.5.2-5.
iso-27701-2025,P11.19,A.2.2.2-7,Ententes et obligations du sous-traitant,tgv_plus_etroit,P11.19 interdit l'utilisation de RP pour l'apprentissage ou le développement du produit hors cas légaux = interdiction de l'usage propre des RP par le sous-traitant (A.2.2.2-7).
iso-27701-2025,P12.01,A.3.11-12,Gestion des incidents de vie privee,tgv_plus_etroit,P12.01 définit l'incident de confidentialité et une procédure de traitement = gestion des incidents de vie privée (A.3.11-12).
iso-27701-2025,P12.02,A.3.11-12,Gestion des incidents de vie privee,tgv_plus_etroit,P12.02 établit les procédures de notification interne et externe en cas d'incident = notification des atteintes aux RP (A.3.11-12).
iso-27701-2025,P12.03,A.3.11-12,Gestion des incidents de vie privee,tgv_plus_etroit,P12.03 met en place des mesures pour prévenir ou limiter les conséquences d'un incident = volet réponse/limitation de la gestion des incidents (A.3.11-12).
iso-27701-2025,P12.04,A.3.11-12,Gestion des incidents de vie privee,tgv_plus_etroit,P12.04 diminue les risques de préjudice et prévient la récurrence des incidents = gestion et suivi post-incident (A.3.11-12).
iso-27701-2025,P12.05,A.3.11-12,Gestion des incidents de vie privee,tgv_plus_etroit,P12.05 instauré un plan de réponse et des directives pour réagir rapidement = préparation à la gestion des incidents (A.3.11-12).
iso-27701-2025,P12.06,A.3.11-12,Gestion des incidents de vie privee,tgv_plus_etroit,"P12.06 avise le Bureau, la Commission et la personne en cas de risque sérieux et tient un registre des incidents = notification aux autorités et tenue du registre (A.3.11-12)."
iso-27701-2025,P13.01,A.3.23-31,"Controles techniques (authentification, chiffrement, developpement)",tgv_plus_etroit,P13.01 cloisonne les fichiers de RP provenant de plusieurs clients = ségrégation/isolation technique des données multi-clients (A.3.23-31).
iso-27701-2025,P13.02,A.1.4.2-5,Minimisation des donnees,tgv_plus_etroit,"P13.02 cloisonne dans un entrepôt les fichiers à finalités distinctes = séparation selon les finalités, application de la limitation des finalités (A.1.4.2-5)."
iso-27701-2025,P14.01,A.1.2.6-9,Gouvernance de la vie privee et registres,tgv_plus_etroit,"P14.01 dressé un inventaire complet des RP (lieux de stockage, types d'informations) = registre des traitements (A.1.2.6-9)."
iso-27701-2025,P14.02,A.1.2.6-9,Gouvernance de la vie privee et registres,tgv_plus_etroit,P14.02 tient à jour l'inventaire évolutif des RP (y compris journalisation) = maintien du registre des traitements (A.1.2.6-9).
iso-27701-2025,P14.03,A.1.5.2-5,Transfert et divulgation des RP,tgv_plus_etroit,P14.03 assure un contrôle efficace du transfert des RP conforme aux politiques = encadrement des transferts/divulgations (A.1.5.2-5).
iso-27701-2025,P14.03,A.3.8-10,"Identite, acces et controles fournisseurs",tgv_plus_etroit,P14.03 assure un contrôle efficace de l'accès aux RP conforme aux politiques = gestion des accès aux RP (A.3.8-10).
iso-27701-2025,P14.04,A.1.5.2-5,Transfert et divulgation des RP,tgv_plus_etroit,P14.04 dispose d'un processus clair de transfert de RP à des tiers = encadrement documenté des transferts/divulgations (A.1.5.2-5).
iso-27701-2025,P14.05,A.3.11-12,Gestion des incidents de vie privee,tgv_plus_etroit,"P14.05 identifie rapidement les données mises en cause lors d'un incident = qualification et portée de l'atteinte, volet de la gestion des incidents (A.3.11-12)."
iso-27701-2025,P15.01,A.1.4.6-10,"Cycle de vie, conservation et elimination des RP",tgv_plus_etroit,P15.01 définit et documente la politique de conservation et de destruction des données personnelles = règles de conservation et d'élimination (A.1.4.6-10).
iso-27701-2025,P15.03,A.1.4.6-10,"Cycle de vie, conservation et elimination des RP",tgv_plus_etroit,P15.03 suit un calendrier de conservation conforme à la politique et adapte aux types de données = durées/calendrier de conservation (A.1.4.6-10).
iso-27701-2025,P15.04,A.3.13-16,"Conformite, audit et revue",tgv_plus_etroit,P15.04 révise régulièrement la politique de données selon les changements législatifs = revue périodique et maintien de la conformité réglementaire (A.3.13-16).
iso-27701-2025,P16.01,A.1.3.5-10,Droits des personnes concernees,tgv_plus_etroit,P16.01 définit une stratégie de traitement des plaintes relatives à la PRP = traitement des demandes/plaintes des personnes concernées (A.1.3.5-10).
iso-27701-2025,P16.02,A.1.3.5-10,Droits des personnes concernees,tgv_plus_etroit,P16.02 désigne et forme des personnes pour répondre aux plaintes = capacité de traitement des demandes des personnes (A.1.3.5-10).
iso-27701-2025,P16.03,A.1.3.5-10,Droits des personnes concernees,tgv_plus_etroit,P16.03 intègre une authentification adéquate des requérants pour toute forme de requête = vérification de l'identité des demandeurs avant traitement (A.1.3.5-10).
iso-27701-2025,P16.04,A.1.3.2-4,Transparence et information,tgv_plus_etroit,P16.04 décrit simplement le processus de plainte et le publie sur le site Web = transparence et information accessible au public (A.1.3.2-4).
iso-27701-2025,P16.05,A.1.3.5-10,Droits des personnes concernees,tgv_plus_etroit,"P16.05 tient un registre des plaintes et des réponses, régulièrement mis à jour = suivi et traçabilité du traitement des demandes des personnes (A.1.3.5-10)."
iso-27701-2025,P17.01,A.1.3.5-10,Droits des personnes concernees,tgv_plus_etroit,P17.01 établit un processus formel de réception et de traitement des demandes de désindexation = mise en oeuvre du droit de désindexation (A.1.3.5-10).
iso-27701-2025,P17.02,A.1.3.5-10,Droits des personnes concernees,tgv_plus_etroit,P17.02 vérifié les empêchements légaux à une demande de désindexation = traitement encadre du droit de désindexation (A.1.3.5-10).
iso-27701-2025,P17.03,A.1.3.5-10,Droits des personnes concernees,tgv_plus_etroit,P17.03 développé des processus de destruction/anonymisation/désindexation pour répondre aux demandes = exercice des droits d'effacement/désindexation (A.1.3.5-10).
iso-27701-2025,P17.03,A.1.4.6-10,"Cycle de vie, conservation et elimination des RP",tgv_plus_etroit,P17.03 met en oeuvre les mécanismes de destruction et d'anonymisation des RP = élimination/dépersonnalisation au cycle de vie (A.1.4.6-10).
iso-27701-2025,P17.04,A.1.3.5-10,Droits des personnes concernees,tgv_plus_etroit,P17.04 informe le requérant des raisons d'impossibilité de désindexation = information de la personne sur le traitement de sa demande (A.1.3.5-10).
iso-27701-2025,P17.05,A.1.4.6-10,"Cycle de vie, conservation et elimination des RP",tgv_plus_etroit,P17.05 recourt à des techniques d'anonymisation ou de destruction pour répondre aux demandes = mise en oeuvre de l'élimination/dépersonnalisation des RP (A.1.4.6-10).
iso-27701-2025,P18.01,A.1.3.5-10,Droits des personnes concernees,tgv_plus_etroit,P18.01 permet à la personne de demander une copie de ses RP = droit d'accès et de portabilité (A.1.3.5-10).
iso-27701-2025,P18.02,A.1.3.5-10,Droits des personnes concernees,tgv_plus_etroit,P18.02 communique les RP dans un format technologique structuré et couramment utilisé = droit à la portabilité (A.1.3.5-10).
iso-27701-2025,P18.03,A.1.3.5-10,Droits des personnes concernees,tgv_plus_etroit,P18.03 forme les responsables à communiquer les RP de façon sécuritaire et dans un délai raisonnable = traitement des demandes de portabilité (A.1.3.5-10).
iso-27701-2025,S05.05,A.3.5-7,Classification de l'information et transfert,tgv_plus_etroit,"S05.05 classifie/catégorise l'application et ses actifs = classification de l'information selon sa sensibilité (A.3.5-7), contrôle partage protégeant les RP."
iso-27701-2025,S07.01,A.3.23-31,"Controles techniques (authentification, chiffrement, developpement)",tgv_plus_etroit,"S07.01 chiffre l'ensemble des données sensibles dont les RP et RP de santé = chiffrement, contrôle technique protégeant les RP (A.3.23-31)."
iso-27701-2025,S07.02,A.3.23-31,"Controles techniques (authentification, chiffrement, developpement)",tgv_plus_etroit,"S07.02 chiffre et authentifie les communications entre composantes = chiffrement et authentification, contrôles techniques de A.3.23-31."
iso-27701-2025,S08.02,A.3.20-22,"Securite physique, des supports et des terminaux",tgv_plus_etroit,S08.02 protège physiquement les locaux hébergeant les composantes traitant les RP = sécurité physique des installations et supports (A.3.20-22).
iso-27701-2025,S09.01,A.3.17-19,Securite du personnel et bureau range,tgv_plus_etroit,S09.01 adopte une politique du bureau propre et de l'écran vide = mesures bureau/écran propres du personnel (A.3.17-19).
iso-27701-2025,S13.06,A.3.8-10,"Identite, acces et controles fournisseurs",tgv_plus_etroit,S13.06 exige des ententes contractuelles avec chaque fournisseur = encadrement contractuel des fournisseurs traitant des RP (A.3.8-10).
iso-27701-2025,S14.03,A.3.11-12,Gestion des incidents de vie privee,tgv_plus_etroit,S14.03 arrimé le processus de gestion des incidents avec celui des clients = gestion coordonnée des incidents touchant les RP (A.3.11-12).
iso-27701-2025,S14.04,A.3.11-12,Gestion des incidents de vie privee,tgv_plus_etroit,S14.04 avertit les clients de tout incident portant sur les données dans les meilleurs délais = notification des atteintes aux RP (A.3.11-12).
iso-42001-2023,IA1,A.8.2,System documentation and information for users,tgv_plus_etroit,La mention explicite du recours à l'IA dans la documentation alimente l'information à fournir aux utilisateurs du système.
iso-42001-2023,IA10,A.6.2.4,AI system verification and validation,tgv_plus_etroit,La stratégie d'évaluation des résultats avec métriques (vrais/faux positifs et négatifs) documente la validation du modèle.
iso-42001-2023,IA11,A.6.2.4,AI system verification and validation,tgv_plus_etroit,Le rapport sur la variabilité des résultats de l'IA générative est une preuve de validation du comportement du système.
iso-42001-2023,IA12,A.6.2.4,AI system verification and validation,tgv_plus_etroit,Les tests d'injection de requêtes malveillantes relèvent de la vérification de la robustesse du système d'IA.
iso-42001-2023,IA13,A.9.4,Intended use of the AI system,tgv_plus_etroit,La documentation de l'utilisation envisagée et des conditions de contexte requises correspond à la documentation de l'usage prévu du système.
iso-42001-2023,IA14,A.8.2,System documentation and information for users,tgv_plus_etroit,"La documentation des limitations, mises en garde et éléments à surveiller alimente l'information à fournir aux utilisateurs."
iso-42001-2023,IA15,A.6.1.3,Processes for responsible AI system design and development,tgv_plus_etroit,"Les mesures documentées d'identification, d'atténuation et de suivi des biais en développement relèvent des processus de conception responsable."
iso-42001-2023,IA16,A.9.4,Intended use of the AI system,tgv_plus_etroit,La documentation des utilisations non recommandées et des contextes à exclure précise l'usage prévu du système et ses limites.
iso-42001-2023,IA17,A.4.3,Data resources,tgv_plus_etroit,"La liste accessible des jeux de données d'entraînement, de validation et de tests documente les ressources de données du système."
iso-42001-2023,IA18,A.6.2.7,AI system technical documentation,tgv_plus_etroit,"La mention des types d'IA utilisés (symbolique, apprentissage, générative) alimente la documentation technique du système."
iso-42001-2023,IA19,A.8.5,Information for interested parties,tgv_plus_etroit,"Le rapport sur les implantations précédentes (défis, bénéfices, risques, indicateurs) fournit à l'acquéreur une information pertinente sur le système."
iso-42001-2023,IA2,A.8.5,Information for interested parties,tgv_plus_etroit,La publication d'une politique de confidentialité couvrant le système d'IA en langage clair fournit l'information due aux parties intéressées.
iso-42001-2023,IA20,A.6.2.5,AI system deployment,tgv_plus_etroit,L'engagement à ne pas changer les types d'IA ou les modèles sans approbation de l'acquéreur relève du contrôle des déploiements et changements en production.
iso-42001-2023,IA21,A.6.2.6,AI system operation and monitoring,recoupement_partiel,Le plan d'amélioration et d'évolution avec la rigueur de la vérification initiale recoupe la gestion de l'exploitation et des mises à jour du système.
iso-42001-2023,IA22,A.6.2.6,AI system operation and monitoring,tgv_plus_etroit,Le processus d'évaluation continue post-implantation fondé sur les risques correspond à la surveillance du système en exploitation.
iso-42001-2023,IA23,A.6.2.6,AI system operation and monitoring,recoupement_partiel,"La réévaluation périodique (anonymisation, explicabilité, gouvernance, modèles) recoupe la surveillance et l'amélioration du système en exploitation."
iso-42001-2023,IA24,A.6.2.7,AI system technical documentation,tgv_plus_etroit,"La description de l'architecture, des concepts et des techniques d'IA utilisées alimente la documentation technique du système."
iso-42001-2023,IA25,A.8.2,System documentation and information for users,tgv_plus_etroit,La formation ou documentation sur le fonctionnement du système et le rôle de vérificateur de l'utilisateur alimente l'information destinée aux utilisateurs.
iso-42001-2023,IA26,A.5.5,Assessing societal impacts of AI systems,tgv_plus_etroit,La documentation de l'empreinte environnementale du développement et de l'utilisation alimente l'évaluation des impacts sociétaux du système.
iso-42001-2023,IA27,A.7.6,Data preparation,tgv_plus_etroit,La documentation des méthodes et critères d'anonymisation et de dépersonnalisation relève de la préparation des données du système.
iso-42001-2023,IA28,A.8.2,System documentation and information for users,tgv_plus_etroit,La vulgarisation des mesures d'atténuation des risques pour non-spécialistes alimente l'information fournie aux utilisateurs.
iso-42001-2023,IA29,A.5.5,Assessing societal impacts of AI systems,tgv_plus_etroit,La description des mesures de minimisation des répercussions environnementales alimente l'évaluation des impacts sociétaux du système.
iso-42001-2023,IA3,A.8.2,System documentation and information for users,tgv_plus_etroit,"L'établissement documenté des raisons, facteurs et paramètres des décisions automatisées alimente la documentation destinée aux utilisateurs."
iso-42001-2023,IA30,A.6.2.6,AI system operation and monitoring,tgv_plus_etroit,La description des modalités de contrôle et de surveillance des agents autonomes relève de la surveillance du système en exploitation.
iso-42001-2023,IA30,A.8.4,Communication of incidents,tgv_plus_etroit,Les modalités de communication d'incidents à l'acquéreur correspondent à la communication des incidents liés à l'IA.
iso-42001-2023,IA31,A.7.2,Data for development and enhancement of AI system,tgv_plus_etroit,La justification documentée de l'usage et de la représentativité des données synthétiques relève de la gestion des données de développement.
iso-42001-2023,IA32,A.7.2,Data for development and enhancement of AI system,tgv_plus_etroit,"La méthodologie documentée de constitution de jeux distincts d'entraînement, de validation et de tests relève de la gestion des données de développement."
iso-42001-2023,IA33,A.5.2,AI system impact assessment process,recoupement_partiel,La collaboration avec des chercheurs en IA responsable et un comité d'utilisateurs pour l'analyse de risques recoupe le processus d'évaluation d'impact du système.
iso-42001-2023,IA34,8.2,AI risk assessment,recoupement_partiel,"La tenue d'un registre des risques issus de la SARIA, de ses modèles et de ses jeux de données recoupe l'évaluation des risques IA menée à intervalles planifiés."
iso-42001-2023,IA35,A.8.5,Information for interested parties,tgv_plus_etroit,L'engagement à communiquer tout nouveau risque à l'acquéreur fournit l'information due aux parties intéressées.
iso-42001-2023,IA36,A.7.4,Quality of data for AI systems,tgv_plus_etroit,L'engagement à exclure des jeux de données corrompus ou compromis protège la qualité des données d'entraînement.
iso-42001-2023,IA37,A.7.4,Quality of data for AI systems,tgv_plus_etroit,La surveillance des événements pouvant compromettre l'intégrité des jeux de données d'entraînement maintient la qualité des données du système.
iso-42001-2023,IA37,A.8.4,Communication of incidents,tgv_plus_etroit,L'information de l'acquéreur en cas de compromission des jeux de données correspond à la communication d'incidents liés à l'IA.
iso-42001-2023,IA38,A.7.3,Acquisition of data,tgv_plus_etroit,"L'acquisition des droits sur les jeux de données d'entraînement, notamment les renseignements personnels, relève du contrôle de l'acquisition des données."
iso-42001-2023,IA4,A.8.5,Information for interested parties,tgv_plus_etroit,L'information de la personne concernée qu'une décision repose sur un traitement automatisé constitue une information aux parties intéressées.
iso-42001-2023,IA41,A.8.3,External reporting,tgv_plus_etroit,L'information de l'acquéreur et du Bureau de certification sur toute communication ou vente de données relève du reporting externe sur les activités du système.
iso-42001-2023,IA42,A.8.5,Information for interested parties,tgv_plus_etroit,La communication à l'acquéreur de tout produit dérivé des données d'utilisation informe les parties intéressées.
iso-42001-2023,IA43,A.8.5,Information for interested parties,tgv_plus_etroit,L'information de l'acquéreur sur les tierces parties intéressées par les données d'utilisation informe les parties intéressées.
iso-42001-2023,IA44,A.8.5,Information for interested parties,tgv_plus_etroit,L'information de l'acquéreur sur toute analyse non sollicitée des données d'utilisation informe les parties intéressées.
iso-42001-2023,IA45,A.6.2.6,AI system operation and monitoring,tgv_plus_etroit,"La fonction d'inhibition des modèles en cas de défaillance, refus ou décision administrative est un contrôle d'exploitation du système."
iso-42001-2023,IA46,A.7.2,Data for development and enhancement of AI system,tgv_plus_etroit,L'interdiction d'apprentissage automatique sur les données d'utilisation sans autorisation explicite encadre les données d'amélioration du système.
iso-42001-2023,IA47,A.6.2.8,AI system recording of event logs,tgv_plus_etroit,"La journalisation traçable des accès, décisions, réactions et commentaires correspond à l'enregistrement des journaux d'événements du système."
iso-42001-2023,IA48,A.6.2.8,AI system recording of event logs,tgv_plus_etroit,La conservation des journaux pendant la période de contestation judiciaire des décisions relève de la gestion des journaux d'événements.
iso-42001-2023,IA5,A.8.5,Information for interested parties,tgv_plus_etroit,"La fourniture sur demande des renseignements, raisons et facteurs de la décision et du droit de rectification informe les parties intéressées."
iso-42001-2023,IA51,A.6.2.8,AI system recording of event logs,tgv_plus_etroit,La journalisation des données d'utilisation et des résultats accessibles à l'acquéreur relève des journaux d'événements du système.
iso-42001-2023,IA52,A.6.2.8,AI system recording of event logs,tgv_plus_etroit,"Le suivi et l'extraction des approbations, changements et réactions des utilisateurs relèvent de l'enregistrement des événements du système."
iso-42001-2023,IA53,A.9.2,Processes for responsible use of AI systems,tgv_plus_etroit,La consultation des résultats intermédiaires composant la décision soutient la vérification humaine dans l'utilisation responsable du système.
iso-42001-2023,IA54,A.9.2,Processes for responsible use of AI systems,tgv_plus_etroit,La consultation et l'extraction des décisions intermédiaires validées ou modifiées par l'utilisateur soutiennent la supervision humaine.
iso-42001-2023,IA56,A.6.2.6,AI system operation and monitoring,tgv_plus_etroit,L'encadrement de l'adaptation des modèles par apprentissage continu avec approbation de l'acquéreur relève de la surveillance du système en exploitation.
iso-42001-2023,IA57,A.8.2,System documentation and information for users,tgv_plus_etroit,La présentation des sources des résultats génératifs dans l'interface alimente l'information fournie aux utilisateurs.
iso-42001-2023,IA58,A.6.2.6,AI system operation and monitoring,tgv_plus_etroit,"Le signalement, la journalisation et l'extraction des résultats inadéquats alimentent la surveillance du système en exploitation."
iso-42001-2023,IA59,A.8.2,System documentation and information for users,tgv_plus_etroit,L'affichage des limitations et mises en garde dans les écrans d'utilisation alimente l'information fournie aux utilisateurs.
iso-42001-2023,IA6,A.9.2,Processes for responsible use of AI systems,tgv_plus_etroit,La possibilité de présenter ses observations à un humain apte à réviser la décision relève des processus d'utilisation responsable (supervision humaine).
iso-42001-2023,IA60,A.9.2,Processes for responsible use of AI systems,tgv_plus_etroit,La possibilité affichée de ne pas utiliser le système ou de refuser ses recommandations préserve l'autonomie humaine dans l'utilisation responsable.
iso-42001-2023,IA61,A.9.2,Processes for responsible use of AI systems,tgv_plus_etroit,Le maintien de l'utilisateur en contrôle des résultats et l'intangibilité de ses validations relèvent de la supervision humaine du système.
iso-42001-2023,IA62,A.8.2,System documentation and information for users,tgv_plus_etroit,L'explication à l'écran du fonctionnement du modèle et des données ou paramètres considérés alimente l'information fournie aux utilisateurs.
iso-42001-2023,IA63,A.6.2.5,AI system deployment,tgv_plus_etroit,L'affichage permanent de la version et son changement à chaque mise à jour relèvent du contrôle des versions déployées.
iso-42001-2023,IA64,A.6.2.5,AI system deployment,tgv_plus_etroit,La mention de la version utilisée dans chaque résultat assure la traçabilité des versions déployées en production.
iso-42001-2023,IA65,A.6.2.6,AI system operation and monitoring,tgv_plus_etroit,L'intégration de modalités de contrôle et de surveillance des agents autonomes dans le système relève de la surveillance en exploitation.
iso-42001-2023,IA66,A.6.2.6,AI system operation and monitoring,tgv_plus_etroit,Les points de contrôle automatiques des appels externes et la stratégie de continuité en cas de défaillance relèvent de l'exploitation et de la surveillance du système.
iso-42001-2023,IA7,A.9.2,Processes for responsible use of AI systems,tgv_plus_etroit,La révision humaine des décisions est un mécanisme de supervision humaine exigé par les processus d'utilisation responsable de l'IA.
iso-42001-2023,IA8,A.5.4,Assessing AI system impact on individuals or groups of individuals,recoupement_partiel,Ces essais fournissent des données probantes pour l'évaluation des impacts du système sur les individus et les groupes.
iso-42001-2023,IA8,A.6.2.4,AI system verification and validation,tgv_plus_etroit,Les essais identifiant les différences de comportement selon les groupes sociaux constituent des activités de vérification et validation du système.
iso-42001-2023,IA9,A.6.2.4,AI system verification and validation,tgv_plus_etroit,Les essais d'adéquation à l'utilisation envisagée valident le système par rapport à ses exigences.
iso-42001-2023,P01.01,A.2.3,Alignment with other organizational policies,recoupement_partiel,La politique de protection de la vie privée est une politique organisationnelle avec laquelle la politique IA doit être alignée.
iso-42001-2023,P02.01,A.3.2,AI roles and responsibilities,recoupement_partiel,La désignation d'un responsable PRP chargé de la mise en oeuvre des politiques recoupe la définition des rôles et responsabilités pour un système d'IA traitant des renseignements personnels.
iso-42001-2023,P02.02,7.1,Resources,recoupement_partiel,"L'allocation de ressources humaines, techniques et financières au responsable PRP recoupe la fourniture des ressources nécessaires au management de l'IA."
iso-42001-2023,P02.03,A.3.2,AI roles and responsibilities,recoupement_partiel,L'implication du responsable PRP dans le projet de développement du produit recoupe l'attribution des responsabilités dans les activités du système d'IA.
iso-42001-2023,P03.01,A.6.1.3,Processes for responsible AI system design and development,recoupement_partiel,"Les activités de respect de la vie privée intégrées au projet de développement recoupent les processus de conception et de développement responsables de l'IA, dont la vie privée est une considération explicite."
iso-42001-2023,P03.02,8.2,AI risk assessment,recoupement_partiel,L'identification et l'analyse des risques d'atteinte à la vie privée dès les premières étapes du projet et en continu alimentent l'évaluation des risques du système d'IA.
iso-42001-2023,P03.02,A.5.4,Assessing AI system impact on individuals or groups of individuals,recoupement_partiel,L'analyse des risques d'atteinte à la vie privée menée dès la conception couvre le volet vie privée de l'évaluation des impacts du système d'IA sur les individus.
iso-42001-2023,P04.01,A.5.2,AI system impact assessment process,recoupement_partiel,"Le mécanisme d'évaluation des facteurs relatifs à la vie privée (ÉFVP) recoupe le processus d'évaluation des impacts du système d'IA sur les personnes concernées, intégration explicitement reconnue par ISO 42001."
iso-42001-2023,P04.02,A.5.3,Documentation of AI system impact assessments,recoupement_partiel,L'ÉFVP documentée contenant tous les éléments exigés par la CAI recoupe la documentation des évaluations d'impact du système d'IA.
iso-42001-2023,P05.01,7.3,Awareness,recoupement_partiel,La sensibilisation du personnel à la protection de la vie privée couvre le volet vie privée de la sensibilisation aux implications du système d'IA traitant des RP.
iso-42001-2023,P05.02,A.9.4,Intended use of the AI system,recoupement_partiel,L'information de l'acquéreur et des utilisateurs sur l'usage autorisé du PST et leur rôle documente l'utilisation prévue du système d'IA exigée par A.9.4.
iso-42001-2023,P06.08,A.7.5,Data provenance,recoupement_partiel,"La traçabilité de la provenance des RP, y compris lors de collecte indirecte, fournit la preuve de provenance des données exigée par A.7.5 pour les données du système d'IA."
iso-42001-2023,P07.01,A.10.3,Suppliers,recoupement_partiel,L'assurance que les partenaires respectent les exigences de protection des RP couvre le volet vie privée de la gestion des fournisseurs intervenant dans le système d'IA.
iso-42001-2023,P08.03,A.7.5,Data provenance,recoupement_partiel,La capacité de connaître la provenance des renseignements personnels collectés et utilisés couvre la provenance des données lorsque celles-ci alimentent le système d'IA.
iso-42001-2023,P09.04,A.6.2.8,AI system recording of event logs,tgv_plus_etroit,La journalisation des accès aux renseignements personnels constitue une catégorie des journaux d'événements exigés pour le système d'IA traitant ces données.
iso-42001-2023,P10.01,A.3.2,AI roles and responsibilities,recoupement_partiel,Les rôles et responsabilités du personnel pour la protection des RP tout au long de leur cycle de vie alimentent la définition des rôles du cycle de vie du système d'IA traitant ces données.
iso-42001-2023,P10.04,A.6.2.8,AI system recording of event logs,tgv_plus_etroit,La journalisation de toute activité relative à chaque renseignement personnel tout au long de son cycle de vie constitue une catégorie des journaux d'événements exigés par A.6.2.8 pour le système d'IA traitant ces données.
iso-42001-2023,P11.19,A.7.2,Data for development and enhancement of AI system,recoupement_partiel,L'interdiction d'utiliser des renseignements personnels pour l'apprentissage ou le développement du produit hors cas prévus par la loi encadre directement les données de développement et d'amélioration du système d'IA.
iso-42001-2023,P12.02,A.8.4,Communication of incidents,recoupement_partiel,Les procédures de notification interne et externe des incidents de confidentialité couvrent la communication des incidents aux parties concernées lorsque l'incident implique le système d'IA.
iso-42001-2023,P12.06,A.8.4,Communication of incidents,recoupement_partiel,"Le mécanisme d'avis au Bureau de certification, à la Commission et aux personnes concernées en cas d'incident de confidentialité constitue une preuve de communication d'incidents aux parties intéressées."
iso-42001-2023,P14.02,A.4.3,Data resources,recoupement_partiel,L'inventaire à jour des renseignements personnels recueillis ou utilisés par le produit documente les ressources de données du système d'IA exigées par A.4.3.
iso-42001-2023,P16.01,A.8.3,External reporting,recoupement_partiel,"Le processus formel de traitement des plaintes relatives aux RP fournit aux parties intéressées le canal exigé par A.8.3 pour signaler les impacts négatifs du système d'IA, pour le volet vie privée."
iso-42001-2023,S01.01,8.2,AI risk assessment,recoupement_partiel,L'évaluation des risques de sécurité réalisée à la conception de la SARIA et avant sa mise en production couvre le volet sécurité de l'évaluation initiale des risques du système d'IA.
iso-42001-2023,S01.02,8.2,AI risk assessment,recoupement_partiel,Les évaluations périodiques des risques et vulnérabilités de l'application recoupent l'exigence d'évaluation des risques IA menée à intervalles planifiés.
iso-42001-2023,S01.03,8.2,AI risk assessment,recoupement_partiel,La réévaluation des risques approuvée par la direction et refaite à chaque changement majeur recoupe l'exigence d'évaluation des risques IA lors de changements significatifs.
iso-42001-2023,S02.01,A.2.3,Alignment with other organizational policies,recoupement_partiel,"Les politiques de sécurité (objectifs, principes, rôles, dérogations) font partie des politiques organisationnelles avec lesquelles la politique IA doit s'aligner."
iso-42001-2023,S03.01,A.3.2,AI roles and responsibilities,recoupement_partiel,Les responsabilités de sécurité définies dans l'organisation couvrent le volet sécurité des rôles et responsabilités liés aux systèmes d'IA exigés par A.3.2.
iso-42001-2023,S03.02,A.3.2,AI roles and responsibilities,recoupement_partiel,La désignation d'un responsable attitré de la sécurité de l'application recoupe l'attribution des rôles et responsabilités pour les activités du système d'IA.
iso-42001-2023,S03.04,6.1,Actions to address risks and opportunities,recoupement_partiel,La méthode de gestion de projet intégrant l'identification et le traitement des risques contribue à la planification des actions face aux risques lorsque le projet porte sur un système d'IA.
iso-42001-2023,S04.01,7.2,Competence,recoupement_partiel,La démonstration des compétences du personnel en lien avec ses fonctions couvre partiellement l'exigence de compétence 7.2 pour le personnel intervenant sur le système d'IA.
iso-42001-2023,S04.02,7.3,Awareness,recoupement_partiel,Le programme de sensibilisation à la sécurité pour tout le personnel couvre le volet sécurité de la sensibilisation exigée par 7.3 pour les implications des systèmes d'IA.
iso-42001-2023,S05.04,A.4.2,Resource documentation,recoupement_partiel,"L'inventaire de l'application et des actifs permettant son exploitation, avec responsables attitrés, alimente la documentation des ressources du système d'IA exigée par A.4.2."
iso-42001-2023,S09.03,A.8.2,System documentation and information for users,recoupement_partiel,Le guide d'utilisation fourni aux utilisateurs constitue une partie de la documentation systeme et de l'information aux utilisateurs exigées par A.8.2 pour le système d'IA.
iso-42001-2023,S09.04,A.8.2,System documentation and information for users,recoupement_partiel,"Le guide d'installation et d'entretien (environnement, configuration, accès, surveillance, sauvegardes) fournit une partie de la documentation système exigée par A.8.2 lorsque l'application est un système d'IA."
iso-42001-2023,S09.07,A.6.2.5,AI system deployment,recoupement_partiel,Le processus documenté de gestion des changements de l'application assure le déploiement maîtrisé exigé par A.6.2.5 lorsque l'application est un système d'IA.
iso-42001-2023,S09.08,A.6.2.5,AI system deployment,recoupement_partiel,La gestion des versions identifiant chaque changement contribue au contrôle des mises en production du système d'IA exigé par A.6.2.5.
iso-42001-2023,S10.04,A.6.2.8,AI system recording of event logs,recoupement_partiel,"La journalisation de toute activité de l'application (acteur, moment, nature, circonstances) fournit l'enregistrement des journaux d'événements en exploitation exigé par A.6.2.8, sans couvrir la détermination des phases du cycle de vie où la journalisation doit être activée."
iso-42001-2023,S10.06,A.6.2.6,AI system operation and monitoring,recoupement_partiel,Les fonctionnalités d'alerte sur comportements anormaux et incidents potentiels alimentent la surveillance de l'exploitation du système d'IA exigée par A.6.2.6.
iso-42001-2023,S12.01,7.3,Awareness,recoupement_partiel,Le plan de formation continue en cybersécurité des intervenants de l'écosystème du PST entretient la sensibilisation aux implications de sécurité exigée par 7.3 pour le personnel intervenant sur le système d'IA.
iso-42001-2023,S12.02,A.6.1.3,Processes for responsible AI system design and development,recoupement_partiel,La prise en compte de la sécurité à chaque étape du développement est une composante du processus de conception et développement responsables exigé pour le système d'IA.
iso-42001-2023,S12.06,A.10.3,Suppliers,recoupement_partiel,La supervision de tout développement réalisé à l'externe couvre la maîtrise des fournisseurs participant au développement du système d'IA.
iso-42001-2023,S12.07,A.7.2,Data for development and enhancement of AI system,recoupement_partiel,L'interdiction d'utiliser de l'information confidentielle de production en développement encadre les données utilisées pour le développement et l'amélioration du système d'IA.
iso-42001-2023,S12.08,A.6.2.4,AI system verification and validation,recoupement_partiel,La stratégie de tests applicatifs fournit une partie des preuves de vérification et validation du système d'IA par rapport à ses exigences.
iso-42001-2023,S13.02,A.10.3,Suppliers,recoupement_partiel,"L'évaluation des menaces, des risques et des facteurs vie privée pour tout recours à un fournisseur tiers alimente l'évaluation des fournisseurs impliqués dans le cycle de vie du système d'IA."
iso-42001-2023,S13.03,A.10.3,Suppliers,recoupement_partiel,"La liste des fournisseurs participant au développement, à l'exploitation et à l'entretien de l'application, avec la nature des services, identifie les fournisseurs du système d'IA à gérer selon A.10.3."
iso-42001-2023,S13.04,A.10.3,Suppliers,recoupement_partiel,"Les exigences définies par fournisseur (sécurité, accès, niveaux de service, incidents) constituent les exigences imposées aux fournisseurs du système d'IA exigées par A.10.3."
iso-42001-2023,S13.05,A.10.3,Suppliers,recoupement_partiel,Les processus de surveillance de la conformité des fournisseurs à leurs exigences couvrent le suivi des fournisseurs impliqués dans le système d'IA.
iso-42001-2023,S13.06,A.10.3,Suppliers,recoupement_partiel,Les ententes contractuelles avec chaque fournisseur fournissent la preuve contractuelle de la gestion des fournisseurs du système d'IA exigée par A.10.3.
iso-42001-2023,S14.01,A.10.3,Suppliers,recoupement_partiel,L'évaluation régulière de la performance des fournisseurs alimente le suivi continu des fournisseurs intervenant dans le système d'IA.
iso-42001-2023,S14.03,A.8.4,Communication of incidents,recoupement_partiel,Le processus de gestion des incidents arrimé avec celui des clients opérationnalise la communication des incidents du système d'IA aux parties intéressées exigée par A.8.4.
iso-42001-2023,S14.04,A.8.4,Communication of incidents,recoupement_partiel,Le processus établi d'avertissement des clients de tout incident portant sur les données couvre la communication des incidents du système d'IA aux parties concernées.
nis2,S01.01,2.1.2,"For the purpose of point 2.1.1., the relevant entities shall establish procedures for identification, analysis, assessment and treatment of risks (‘cybersecurity risk management process’). The cybersecurity risk management process shall be an integral part of the relevant entities’ overall risk management process, where applicable. As part of the cybersecurity risk management process, the relevant entities shall:",tgv_plus_etroit,L'évaluation des risques de sécurité réalisée à la conception démontre l'application du processus de gestion des risques exigé.
nis2,S01.02,2.1.4,"The relevant entities shall review and, where appropriate, update the risk assessment results and the risk treatment plan at planned intervals and at least annually, and when significant changes to operations or risks or significant incidents occur.",recoupement_partiel,Les évaluations périodiques des risques alimentent la révision à intervalles planifiés de l'appréciation des risques.
nis2,S01.03,2.1.4,"The relevant entities shall review and, where appropriate, update the risk assessment results and the risk treatment plan at planned intervals and at least annually, and when significant changes to operations or risks or significant incidents occur.",equivalent,L'évaluation continue approuvée par la direction et déclenchée par les changements majeurs correspond à la révision périodique et annuelle de l'appréciation des risques.
nis2,S02.01,1.1.1.a,set out the relevant entities’ approach to managing the security of their network and information systems;,recoupement_partiel,La politique de sécurité présentant objectifs et principes établit l'approche de gestion de la sécurité des SI.
nis2,S02.01,1.1.1.g,lay down roles and responsibilities pursuant to point 1.2.;,recoupement_partiel,"La politique définit les rôles et responsabilités de sécurité, tel qu'exigé par la politique NIS2."
nis2,S02.03,1.1.1.f,be communicated to and acknowledged by relevant employees and relevant interested external parties;,recoupement_partiel,"L'approbation, la communication aux personnes intéressées et la mise à jour couvrent la communication et la reconnaissance de la politique."
nis2,S02.03,1.1.1.k,indicate the date of the formal approval by the management bodies of the relevant entities (the ‘management bodies’).,recoupement_partiel,L'approbation de la politique par la direction correspond à l'indication de la date d'approbation formelle par les instances dirigeantes.
nis2,S02.03,1.1.2,"The network and information system security policy shall be reviewed and, where appropriate, updated by management bodies at least annually and when significant incidents or significant changes to operations or risks occur. The result of the reviews shall be documented.",recoupement_partiel,Le maintien à jour des politiques alimente la révision périodique de la politique de sécurité.
nis2,S02.04,3.1.1,"For the purpose of Article 21(2), point (b) of Directive (EU) 2022/2555, the relevant entities shall establish and implement an incident handling policy laying down the roles, responsibilities, and procedures for detecting, analysing, containing or responding to, recovering from, documenting and reporting of incidents in a timely manner.",recoupement_partiel,La procédure à suivre en cas d'incident alimente l'établissement d'une politique de gestion des incidents.
nis2,S03.01,1.2.1,"As part of their policy on the security of network and information systems referred to in point 1.1., the relevant entities shall lay down responsibilities and authorities for network and information system security and assign them to roles, allocate them according to the relevant entities’ needs, and communicate them to the management bodies.",tgv_plus_etroit,La définition des responsabilités de sécurité correspond à l'attribution des responsabilités et autorités aux rôles.
nis2,S03.02,1.2.1,"As part of their policy on the security of network and information systems referred to in point 1.1., the relevant entities shall lay down responsibilities and authorities for network and information system security and assign them to roles, allocate them according to the relevant entities’ needs, and communicate them to the management bodies.",recoupement_partiel,La désignation d'un responsable attitré de la sécurité des actifs recoupe l'attribution des responsabilités de sécurité aux rôles.
nis2,S03.03,1.2.5,"Conflicting duties and conflicting areas of responsibility shall be segregated, where applicable.",equivalent,L'identification des tâches incompatibles et les mesures de limitation correspondent à la ségrégation des tâches et responsabilités conflictuelles.
nis2,S03.04,6.2.2.a,carry out an analysis of security requirements at the specification and design phases of any development or acquisition project undertaken by the relevant entities or on behalf of those entities;,recoupement_partiel,La méthode de gestion de projet intégrant la sécurité recoupe l'analyse des exigences de sécurité aux phases de spécification et de conception.
nis2,S03.06,6.7.2.d,"determine and apply controls for remote access to network and information systems, including access by service providers;",recoupement_partiel,La politique couvrant les risques de télétravail alimente la définition et l'application de contrôles d'accès à distance.
nis2,S04.01,10.1.2.d,"mechanisms for hiring personnel qualified for the respective roles, such as reference checks, vetting procedures, validation of certifications, or written tests.",recoupement_partiel,L'assurance des compétences requises du personnel recoupe les mécanismes d'embauche de personnel qualifié pour les rôles.
nis2,S04.02,8.1.2,"For the purpose of point 8.1.1., the relevant entities shall offer to their employees, including members of management bodies, as well as to direct suppliers and service providers where appropriate in accordance with point 5.1.4., an awareness raising programme, which shall:",tgv_plus_etroit,"Le programme de sensibilisation et de formation pour tout le personnel, direction incluse, correspond au programme de sensibilisation exigé."
nis2,S04.03,10.1.1,"For the purpose of Article 21(2), point (i) of Directive (EU) 2022/2555, the relevant entities shall ensure that their employees and direct suppliers and service providers, wherever applicable, understand and commit to their security responsibilities, as appropriate for the offered services and the job and in line with the relevant entities’ policy on the security of network and information systems.",tgv_plus_etroit,L'information du personnel et des contractants sur leurs responsabilités correspond à leur engagement à comprendre leurs responsabilités de sécurité.
nis2,S04.04,10.4.1,"The relevant entities shall establish, communicate and maintain a disciplinary process for handling violations of network and information system security policies. The process shall take into consideration relevant legal, statutory, contractual and business requirements.",equivalent,Les sanctions approuvées pour non-respect des politiques correspondent au processus disciplinaire de traitement des violations.
nis2,S04.05,10.3.1,The relevant entities shall ensure that network and information system security responsibilities and duties that remain valid after termination or change of employment of their employees are contractually defined and enforced.,tgv_plus_etroit,Le rappel des obligations subsistant à la fin d'emploi correspond aux responsabilités de sécurité valides après cessation d'emploi définies contractuellement.
nis2,S05.04,12.4.1,"The relevant entities shall develop and maintain a complete, accurate, up-to-date and consistent inventory of their assets. They shall record changes to the entries in the inventory in a traceable manner.",tgv_plus_etroit,L'inventaire de l'application et de ses actifs correspond au maintien d'un inventaire complet et à jour des actifs.
nis2,S05.05,12.1.2.b,"associate all assets with a classification level, based on confidentiality, integrity, authenticity and availability requirements, to indicate the protection required according to their sensitivity, criticality, risk and business value;",tgv_plus_etroit,"La classification des actifs en disponibilité, intégrité et confidentialité correspond à l'association des actifs à un niveau de classification fondé sur ces critères."
nis2,S05.06,12.5.1,"The relevant entities shall establish, implement and apply procedures which ensure that their assets which are under custody of personnel are deposited, returned or deleted upon termination of employment, and shall document the deposit, return and deletion of those assets. Where the deposit, return or deletion of assets is not possible, the relevant entities shall ensure that the assets can no longer access the relevant entities’ network and information systems in accordance with point 12.2.2.",tgv_plus_etroit,"URN corrigé. La restitution de tous les actifs confiés au terme du contrat correspond au dépôt, retour ou suppression des actifs sous la garde du personnel à la cessation d'emploi."
nis2,S05.07,12.3.1,"The relevant entities shall establish, implement and apply a policy on the management of removable storage media and communicate it to their employees and third parties who handle removable storage media at the relevant entities’ premises or other locations where the removable media is connected to the relevant entities’ network and information systems.",tgv_plus_etroit,L'encadrement de l'usage des supports amovibles selon la classification correspond à la politique de gestion des supports amovibles.
nis2,S05.08,12.2.2.b,"provide rules on the safe use, safe storage, safe transport, and the irretrievable deletion and destruction of the assets;",tgv_plus_etroit,La procédure de mise au rebut sécurisée des supports correspond aux règles de suppression et destruction irréversibles des actifs.
nis2,S06.01,11.1.1,"For the purpose of Article 21(2), point (i) of Directive (EU) 2022/2555, the relevant entities shall establish, document and implement logical and physical access control policies for the access to their network and information systems, based on business requirements as well as network and information system security requirements.",tgv_plus_etroit,La politique de gestion des accès applicable à toutes les personnes correspond à l'établissement de politiques de contrôle d'accès logique et physique.
nis2,S06.02,11.2.1,"The relevant entities shall provide, modify, remove and document access rights to network and information systems in accordance with the access control policy referred to in point 11.1.",tgv_plus_etroit,"Les règles de gestion des accès à l'application correspondent à l'octroi, la modification et la révocation documentés des droits d'accès."
nis2,S06.03,11.2.2.a,"assign and revoke access rights based on the principles of need-to-know, least privilege and separation of duties;",tgv_plus_etroit,La limitation des accès aux seules composantes autorisées correspond à l'octroi des droits selon le besoin de connaître et le moindre privilège.
nis2,S06.04,11.3.2.b,"set up specific accounts to be used for system administration operations exclusively, such as installation, configuration, management or maintenance;",tgv_plus_etroit,La réservation des activités à privilèges élevés à des comptes dédiés correspond aux comptes spécifiques d'administration système.
nis2,S06.05,11.6.1,The relevant entities shall implement secure authentication procedures and technologies based on access restrictions and the policy on access control.,recoupement_partiel,La gestion de la robustesse des mots de passe recoupe la mise en œuvre de procédures d'authentification sécurisées.
nis2,S06.06,11.7.1,"The relevant entities shall ensure that users are authenticated by multiple authentication factors or continuous authentication mechanisms for accessing the relevant entities’ network and information systems, where appropriate, in accordance with the classification of the asset to be accessed.",equivalent,L'obligation d'utiliser le MFA correspond à l'authentification des utilisateurs par facteurs multiples.
nis2,S06.07,11.6.3,"The relevant entities shall to the extent feasible use state-of-the-art authentication methods, in accordance with the associated assessed risk and the classification of the asset to be accessed, and unique authentication information.",recoupement_partiel,L'authentification via protocoles sécurisés modernes et fédérations d'identité recoupe l'utilisation de méthodes d'authentification à l'état de l'art.
nis2,S06.08,11.6.2.b,"control the allocation to users and management of secret authentication information by a process that ensures the confidentiality of the information, including advising personnel on appropriate handling of authentication information;",tgv_plus_etroit,La préservation de la confidentialité des mots de passe correspond à la gestion confidentielle des informations d'authentification secrètes.
nis2,S06.09,11.6.2.c,"require the change of authentication credentials initially, at predefined intervals and upon suspicion that the credentials were compromised;",recoupement_partiel,La possibilité pour chaque utilisateur de changer son mot de passe recoupe l'exigence de changement des informations d'authentification.
nis2,S06.10,6.7.2.i,"establish communication between distinct systems only through trusted channels that are isolated using logical, cryptographic or physical separation from other communication channels and provide assured identification of their end points and protection of the channel data from modification or disclosure;",recoupement_partiel,L'authentification des communications entre composantes recoupe l'établissement de canaux de confiance avec identification assurée des extrémités.
nis2,S06.11,11.6.2.b,"control the allocation to users and management of secret authentication information by a process that ensures the confidentiality of the information, including advising personnel on appropriate handling of authentication information;",recoupement_partiel,L'absence de mots de passe dans le code et les scripts recoupe la gestion confidentielle des informations d'authentification.
nis2,S06.12,11.2.3,The relevant entities shall review access rights at planned intervals and shall modify them based on organisational changes. The relevant entities shall document the results of the review including the necessary changes of access rights.,recoupement_partiel,Les fonctionnalités facilitant la revue des accès recoupent la révision des droits d'accès à intervalles planifiés.
nis2,S06.13,11.2.2.a,"assign and revoke access rights based on the principles of need-to-know, least privilege and separation of duties;",tgv_plus_etroit,La gestion des accès par profils attribuant les seuls accès nécessaires correspond au principe du moindre privilège.
nis2,S06.14,11.2.1,"The relevant entities shall provide, modify, remove and document access rights to network and information systems in accordance with the access control policy referred to in point 11.1.",recoupement_partiel,"Les fonctionnalités permettant à l'acquéreur de gérer les accès recoupent l'octroi, la modification et la révocation des droits d'accès."
nis2,S06.16,11.6.2.d,require the reset of authentication credentials and the blocking of users after a predefined number of unsuccessful log-in attempts;,tgv_plus_etroit,La désactivation d'un identifiant après cinq échecs correspond au blocage des utilisateurs après un nombre prédéfini de tentatives infructueuses.
nis2,S06.18,11.5.2.b,link the identity of users to a single person;,tgv_plus_etroit,L'absence de comptes génériques correspond au lien de l'identité de l'utilisateur à une personne unique.
nis2,S06.19,11.6.2.e,terminate inactive sessions after a predefined period of inactivity; and,equivalent,La déconnexion automatique après un délai d'inactivité correspond à la fin des sessions inactives après une période prédéfinie.
nis2,S06.20,6.2.2.c,lay down security requirements regarding development environments;,recoupement_partiel,La restriction de l'accès au code source recoupe les exigences de sécurité des environnements de développement.
nis2,S06.23,3.2.4,"The logs shall be regularly reviewed for any unusual or unwanted trends. Where appropriate, the relevant entities shall lay down appropriate values for alarm thresholds. If the laid down values for alarm threshold are exceeded, an alarm shall be triggered, where appropriate, automatically. The relevant entities shall ensure that, in case of an alarm, a qualified and appropriate response is initiated in a timely manner.",recoupement_partiel,La détection et l'alerte des attaques par bourrage de justificatifs recoupent la revue des journaux et le déclenchement d'alarmes sur seuils.
nis2,S06.25,3.2.3.c,access to systems and applications;,tgv_plus_etroit,La journalisation des accès au PST exposé sur Internet correspond à la journalisation des accès aux systèmes et applications.
nis2,S07.01,9.2.a,"in accordance with the relevant entities’ classification of assets, the type, strength and quality of the cryptographic measures required to protect the relevant entities’ assets, including data at rest and data in transit;",tgv_plus_etroit,Le chiffrement des données sensibles au repos et en transit correspond aux mesures cryptographiques protégeant les données au repos et en transit.
nis2,S07.02,6.7.2.i,"establish communication between distinct systems only through trusted channels that are isolated using logical, cryptographic or physical separation from other communication channels and provide assured identification of their end points and protection of the channel data from modification or disclosure;",recoupement_partiel,Le chiffrement et l'authentification mutuelle des communications entre composantes recoupent les canaux de confiance isolés cryptographiquement avec identification des extrémités.
nis2,S08.01,9.2.c,"the relevant entities’ approach to key management, including, where appropriate, methods for the following:",tgv_plus_etroit,La documentation formelle de la gestion des clés sur tout leur cycle de vie correspond à l'approche de gestion des clés.
nis2,S08.02,13.3.1,"For the purpose of Article 21(2)(i) of Directive (EU) 2022/2555, the relevant entities shall prevent and monitor unauthorised physical access, damage and interference to their network and information systems.",tgv_plus_etroit,Le contrôle d'accès et la protection physique des locaux d'hébergement correspondent à la prévention et la surveillance des accès physiques non autorisés.
nis2,S08.03,13.3.2.c,"design and implement physical security for offices, rooms and facilities,",tgv_plus_etroit,Le contrôle d'accès des locaux des développeurs et du personnel de soutien correspond à la sécurité physique des bureaux et locaux.
nis2,S08.04,13.1.2.f,"ensure continuous effectiveness, monitor, maintain and test the supply of the network and information systems necessary for the operation of the service offered, in particular the electricity, temperature and humidity control, telecommunications and Internet connection.",recoupement_partiel,L'entretien approprié du matériel garantissant disponibilité et intégrité recoupe le maintien et le test des systèmes nécessaires à l'exploitation.
nis2,S09.04,6.1.2.d,information describing the implemented cybersecurity functions of the ICT services or ICT products and the configuration required for their secure operation;,recoupement_partiel,Le guide d'installation et d'entretien décrivant la configuration recoupe l'information sur la configuration requise pour une exploitation sécurisée.
nis2,S09.05,4.2.2.c,"storing backup copies (online or offline) in a safe location or locations, which are not in the same network as the system, and are at sufficient distance to escape any damage from a disaster at the main site;",tgv_plus_etroit,La sauvegarde à l'abri des rançongiciels correspond au stockage des copies de sauvegarde dans un lieu sûr hors du réseau du système.
nis2,S09.06,4.2.1,"The relevant entities shall maintain backup copies of data and provide sufficient available resources, including facilities, network and information systems and staff, to ensure an appropriate level of redundancy.",tgv_plus_etroit,Les stratégies de sauvegarde permettant la récupération des données correspondent au maintien de copies de sauvegarde des données.
nis2,S09.07,6.4.1,"The relevant entities shall apply change management procedures to control changes of network and information systems. Where applicable, the procedures shall be consistent with the relevant entities’ general policies concerning change management.",tgv_plus_etroit,Le processus documenté de gestion des changements correspond à l'application de procédures de gestion des changements des SI.
nis2,S09.08,6.4.2,"The procedures referred to in point 6.4.1. shall be applied for releases, modifications and emergency changes of any software and hardware in operation and changes to the configuration. The procedures shall ensure that those changes are documented and, based on the risk assessment carried out pursuant to point 2.1, tested and assessed in view of the potential impact before being implemented.",recoupement_partiel,L'identification de chaque changement par un numéro de version recoupe la documentation des modifications logicielles.
nis2,S09.09,6.10.1,"The relevant entities shall obtain information about technical vulnerabilities in their network and information systems, evaluate their exposure to such vulnerabilities, and take appropriate measures to manage the vulnerabilities.",tgv_plus_etroit,Le plan de gestion continue des vulnérabilités correspond à l'obtention d'information sur les vulnérabilités et aux mesures pour les gérer.
nis2,S09.10,6.6.1.a,security patches are applied within a reasonable time after they become available;,tgv_plus_etroit,L'application dans les meilleurs délais des correctifs de sécurité correspond à l'application des correctifs dans un délai raisonnable.
nis2,S09.11,6.1.2.b,"requirements regarding security updates throughout the entire lifetime of the ICT services or ICT products, or replacement after the end of the support period;",recoupement_partiel,La documentation des composantes reposant sur des technologies prises en charge recoupe les exigences de mises à jour de sécurité ou de remplacement en fin de support.
nis2,S09.12,6.9.1,The relevant entities shall protect their network and information systems against malicious and unauthorised software.,recoupement_partiel,L'absence de porte dérobée recoupe la protection des SI contre les logiciels malveillants et non autorisés.
nis2,S10.01,6.9.2,"For that purpose, the relevant entities shall in particular implement measures that detect or prevent the use of malicious or unauthorised software. The relevant entities shall, where appropriate, ensure that their network and information systems are equipped with detection and response software, which is updated regularly in accordance with the risk assessment carried out pursuant to point 2.1 and the contractual agreements with the providers.",tgv_plus_etroit,La solution antivirus avec EDR sur tous les systèmes correspond aux mesures détectant ou empêchant l'usage de logiciels malveillants.
nis2,S10.04,3.2.1,The relevant entities shall lay down procedures and use tools to monitor and log activities on their network and information systems to detect events that could be considered as incidents and respond accordingly to mitigate the impact.,tgv_plus_etroit,La journalisation de toute activité identifiant l'acteur et la nature correspond à la journalisation des activités pour détecter les événements.
nis2,S10.04,3.2.3.e,"all privileged access to systems and applications, and activities performed by administrative accounts;",tgv_plus_etroit,La journalisation de l'activité des administrateurs et pilotes correspond à la journalisation des accès à privilèges et des activités des comptes d'administration.
nis2,S10.05,3.4.2.d,"put in place a process for log correlation and analysis, and",recoupement_partiel,Le filtrage et l'analyse de l'information journalisée recoupent le processus de corrélation et d'analyse des journaux.
nis2,S10.06,3.2.4,"The logs shall be regularly reviewed for any unusual or unwanted trends. Where appropriate, the relevant entities shall lay down appropriate values for alarm thresholds. If the laid down values for alarm threshold are exceeded, an alarm shall be triggered, where appropriate, automatically. The relevant entities shall ensure that, in case of an alarm, a qualified and appropriate response is initiated in a timely manner.",tgv_plus_etroit,Les alertes signalant les comportements anormaux et incidents potentiels correspondent au déclenchement d'alarmes lors du dépassement des seuils.
nis2,S10.07,3.2.1,The relevant entities shall lay down procedures and use tools to monitor and log activities on their network and information systems to detect events that could be considered as incidents and respond accordingly to mitigate the impact.,recoupement_partiel,Les systèmes de détection d'intrusion recoupent l'usage d'outils de surveillance pour détecter les événements.
nis2,S10.09,3.2.5,The relevant entities shall maintain and back up logs for a predefined period and shall protect them from unauthorised access or changes.,tgv_plus_etroit,La protection de l'information journalisée contre l'altération et la divulgation correspond à la protection des journaux contre les accès et modifications non autorisés.
nis2,S11.01,3.2.5,The relevant entities shall maintain and back up logs for a predefined period and shall protect them from unauthorised access or changes.,recoupement_partiel,La conservation de l'information journalisée selon le calendrier légal recoupe le maintien des journaux pour une période prédéfinie.
nis2,S11.02,6.7.2.i,"establish communication between distinct systems only through trusted channels that are isolated using logical, cryptographic or physical separation from other communication channels and provide assured identification of their end points and protection of the channel data from modification or disclosure;",tgv_plus_etroit,La protection des communications entre composantes correspond à l'établissement de canaux de confiance isolés protégeant les informations transitées.
nis2,S11.03,6.8.1,The relevant entities shall segment systems into networks or zones in accordance with the results of the risk assessment referred to in point 2.1. They shall segment their systems and networks from third parties’ systems and networks.,tgv_plus_etroit,Le cloisonnement de l'environnement d'exécution correspond à la segmentation des systèmes en réseaux ou zones.
nis2,S11.05,8.1.3,"The awareness raising programme shall, where appropriate, be tested in terms of effectiveness. The awareness raising programme shall be updated and offered at planned intervals taking into account changes in cyber hygiene practices, and the current threat landscape and risks posed to the relevant entities.",recoupement_partiel,Les campagnes de simulation d'hameçonnage recoupent le test d'efficacité du programme de sensibilisation.
nis2,S11.06,6.7.1,The relevant entities shall take the appropriate measures to protect their network and information systems from cyber threats.,recoupement_partiel,L'exigence d'une connectivité sécuritaire recoupe les mesures de protection des SI contre les cybermenaces.
nis2,S12.01,8.2.3.b,briefing on known cyber threats;,tgv_plus_etroit,Le plan de formation en cybersécurité sur les menaces numériques correspond au briefing sur les cybermenaces connues.
nis2,S12.02,6.2.1,"Before developing a network and information system, including software, the relevant entities shall lay down rules for the secure development of network and information systems and apply them when developing network and information systems in-house, or when outsourcing the development of network and information systems. The rules shall cover all development phases, including specification, design, development, implementation and testing.",tgv_plus_etroit,La prise en compte de la sécurité à chaque étape du développement correspond à l'établissement et l'application de règles de développement sécurisé.
nis2,S12.03,6.8.2.h,"separate the production systems for the relevant entities’ services from systems used in development and testing, including backups.",equivalent,"La distinction des environnements de développement, de test et d'exploitation correspond à la séparation des systèmes de production de ceux de développement et de test."
nis2,S12.04,6.2.2.b,"apply principles for engineering secure systems and secure coding principles to any information system development activities such as promoting cybersecurity-by-design, zero-trust architectures;",tgv_plus_etroit,Le respect des bonnes pratiques de sécurité en développement correspond à l'application des principes d'ingénierie et de codage sécurisés.
nis2,S12.05,6.2.2.b,"apply principles for engineering secure systems and secure coding principles to any information system development activities such as promoting cybersecurity-by-design, zero-trust architectures;",tgv_plus_etroit,Le respect des principes d'ingénierie de la sécurité par les développeurs correspond à l'application des principes d'ingénierie des systèmes sécurisés.
nis2,S12.06,6.2.3,"For outsourced development of network and information systems, the relevant entities shall also apply the policies and procedures referred to in points 5 and 6.1.",tgv_plus_etroit,La supervision de tout développement externalisé correspond à l'application des politiques aux développements de SI externalisés.
nis2,S12.07,6.2.2.f,sanitise and anonymise testing data according to the risk assessment carried out pursuant to point 2.1.,tgv_plus_etroit,L'évitement d'information confidentielle de production en développement correspond à l'assainissement et l'anonymisation des données de test.
nis2,S12.08,6.5.1,"The relevant entities shall establish, implement and apply a policy and procedures for security testing.",recoupement_partiel,La stratégie de tests applicatifs recoupe l'établissement d'une politique et de procédures de tests de sécurité.
nis2,S13.01,6.10.2.a,"monitor information about vulnerabilities through appropriate channels, such as announcements of CSIRTs, competent authorities or information provided by suppliers or service providers;",recoupement_partiel,La prise en compte des vulnérabilités des composantes tierces recoupe la surveillance de l'information sur les vulnérabilités via les fournisseurs.
nis2,S13.02,5.1.2,"As part of the supply chain security policy referred to in point 5.1.1, the relevant entities shall lay down criteria to select and contract suppliers and service providers. Those criteria shall include the following:",recoupement_partiel,L'évaluation des menaces et risques pour tout recours à un fournisseur tiers recoupe les critères de sélection fondés sur les pratiques de cybersécurité des fournisseurs.
nis2,S13.03,5.2.b,"a list of ICT products, ICT services, and ICT processes provided by the direct supplier or service provider to the relevant entities.",tgv_plus_etroit,La liste des fournisseurs précisant la nature de leurs services correspond au registre des produits et services TIC fournis par chaque fournisseur.
nis2,S13.04,5.1.4.a,"cybersecurity requirements for the suppliers or service providers, including requirements as regards the security in acquisition of ICT services or ICT products set out in point 6.1.;",tgv_plus_etroit,La liste des exigences de sécurité par fournisseur correspond aux exigences de cybersécurité imposées aux fournisseurs dans les contrats.
nis2,S13.05,5.1.6,"The relevant entities shall review the supply chain security policy, and monitor, evaluate and, where necessary, act upon changes in the cybersecurity practices of suppliers and service providers, at planned intervals and when significant changes to operations or risks or significant incidents related to the provision of ICT services or having impact on the security of the ICT products from suppliers and service providers occur.",recoupement_partiel,Les processus de surveillance de la conformité des fournisseurs recoupent la révision de la politique de chaîne d'approvisionnement et le suivi des pratiques des fournisseurs.
nis2,S13.06,5.1.4,"Based on the supply chain security policy and taking into account the results of the risk assessment carried out in accordance with point 2.1. of this Annex, the relevant entities shall ensure that their contracts with the suppliers and service providers specify, where appropriate through service level agreements, the following, where appropriate:",tgv_plus_etroit,Les ententes contractuelles avec chaque fournisseur correspondent à l'inclusion d'exigences de cybersécurité dans les contrats avec les fournisseurs.
nis2,S14.01,5.1.7.a,"regularly monitor reports on the implementation of the service level agreements, where applicable;",recoupement_partiel,L'évaluation régulière de la performance des fournisseurs recoupe la surveillance des rapports sur la mise en œuvre des accords de niveau de service.
nis2,S14.03,3.1.1,"For the purpose of Article 21(2), point (b) of Directive (EU) 2022/2555, the relevant entities shall establish and implement an incident handling policy laying down the roles, responsibilities, and procedures for detecting, analysing, containing or responding to, recovering from, documenting and reporting of incidents in a timely manner.",recoupement_partiel,Le processus de gestion des incidents arrimé avec celui des clients recoupe l'établissement d'une politique de gestion des incidents.
nis2,S14.04,3.5.3.b,"for communication among staff members of the relevant entity, and for communication with relevant stakeholders external to the relevant entity.",recoupement_partiel,L'avertissement des clients de tout incident sur les données recoupe les plans de communication avec les parties prenantes externes.
nis2,S15.01,3.5.3.b,"for communication among staff members of the relevant entity, and for communication with relevant stakeholders external to the relevant entity.",recoupement_partiel,L'engagement à collaborer avec les clients pour la prise en charge d'un incident recoupe la communication avec les parties prenantes externes lors d'un incident.
nis2,S15.03,4.1.1,"For the purpose of Article 21(2), point (c) of Directive (EU) 2022/2555, the relevant entities shall lay down and maintain a business continuity and disaster recovery plan to apply in the case of incidents.",recoupement_partiel,L'arrimage avec les mécanismes de plan de reprise recoupe la tenue d'un plan de continuité et de reprise après sinistre.
nis2,S15.04,4.1.1,"For the purpose of Article 21(2), point (c) of Directive (EU) 2022/2555, the relevant entities shall lay down and maintain a business continuity and disaster recovery plan to apply in the case of incidents.",tgv_plus_etroit,Le plan de continuité des activités de maintenance et d'exploitation correspond à la tenue d'un plan de continuité et de reprise après sinistre.
nis2,S15.05,4.1.2.f,"recovery plans for specific operations, including recovery objectives;",tgv_plus_etroit,Le plan de recouvrement après sinistre des infrastructures correspond aux plans de reprise d'opérations spécifiques incluant des objectifs de reprise.
nis2,S16.01,4.1.4,"The business continuity plan and disaster recovery plan shall be tested, reviewed and, where appropriate, updated at planned intervals and following significant incidents or significant changes to operations or risks. The relevant entities shall ensure that the plans incorporate lessons learnt from such tests.",tgv_plus_etroit,Le test périodique du plan de reprise correspond au test et à la révision du plan de continuité et de reprise à intervalles planifiés.
nis2,S16.02,6.5.1,"The relevant entities shall establish, implement and apply a policy and procedures for security testing.",recoupement_partiel,La stratégie de validation de la conformité technique des composantes recoupe la politique et les procédures de tests de sécurité.
nis2,S16.03,6.5.2.b,"carry out security tests according to a documented test methodology, covering the components identified as relevant for secure operation in a risk analysis;",tgv_plus_etroit,Le test d'intrusion par un prestataire indépendant correspond à la réalisation de tests de sécurité selon une méthodologie documentée.
rgpd-gdpr,P01.01,24.2,"Where proportionate in relation to processing activities, the measures referred to in paragraph 1 shall include the implementation of appropriate data protection policies by the controller.",tgv_plus_etroit,La politique de protection des renseignements personnels de l'organisation constitue la « data protection policy » dont l'art. 24.2 exige la mise en œuvre par le responsable.
rgpd-gdpr,P01.02,24.1,"Taking into account the nature, scope, context and purposes of processing as well as the risks of varying likelihood and severity for the rights and freedoms of natural persons, the controller shall implement appropriate technical and organisational measures to ensure and to be able to demonstrate that processing is performed in accordance with this Regulation. Those measures shall be reviewed and updated where necessary.",tgv_plus_etroit,"L'encadrement documenté (politiques, processus, procédures) fournit les mesures organisationnelles que l'art. 24.1 impose pour assurer et démontrer la conformité."
rgpd-gdpr,P01.03,12.1,"The controller shall take appropriate measures to provide any information referred to in Articles 13 and 14 and any communication under Articles 15 to 22 and 34 relating to processing to the data subject in a concise, transparent, intelligible and easily accessible form, using clear and plain language, in particular for any information addressed specifically to a child. The information shall be provided in writing, or by other means, including, where appropriate, by electronic means. When requested by the data subject, the information may be provided orally, provided that the identity of the data subject is proven by other means.",tgv_plus_etroit,La consultabilité facile de la politique de confidentialité par l'utilisateur correspond à l'exigence de forme « aisément accessible » de l'information de l'art. 12.1.
rgpd-gdpr,P01.04,12.1,"The controller shall take appropriate measures to provide any information referred to in Articles 13 and 14 and any communication under Articles 15 to 22 and 34 relating to processing to the data subject in a concise, transparent, intelligible and easily accessible form, using clear and plain language, in particular for any information addressed specifically to a child. The information shall be provided in writing, or by other means, including, where appropriate, by electronic means. When requested by the data subject, the information may be provided orally, provided that the identity of the data subject is proven by other means.",recoupement_partiel,Le volet « publier de l'information détaillée en termes simples et clairs sur le site » recoupe l'exigence de transparence et d'accessibilité de l'art. 12.1.
rgpd-gdpr,P01.04,24.2,"Where proportionate in relation to processing activities, the measures referred to in paragraph 1 shall include the implementation of appropriate data protection policies by the controller.",recoupement_partiel,Le volet « politiques et pratiques de gouvernance des RP » de ce critère recoupe la mise en œuvre de politiques de protection des données de l'art. 24.2.
rgpd-gdpr,P01.05,13.2.a,"the period for which the personal data will be stored, or if that is not possible, the criteria used to determine that period;",recoupement_partiel,Le volet « conservées/détruites » du détail exigé des politiques correspond à l'information sur la durée de conservation prévue à l'art. 13.2.a.
rgpd-gdpr,P02.01,37.1,The controller and the processor shall designate a data protection officer in any case where:,recoupement_partiel,"La désignation d'un responsable chargé de la mise en œuvre des politiques et pratiques de PRP recoupe la désignation d'un délégué à la protection des données de l'art. 37.1, sans en reprendre les conditions de déclenchement."
rgpd-gdpr,P02.02,38.2,"The controller and processor shall support the data protection officer in performing the tasks referred to in Article 39 by providing resources necessary to carry out those tasks and access to personal data and processing operations, and to maintain his or her expert knowledge.",tgv_plus_etroit,"La preuve d'allocation de ressources humaines, techniques et financières au responsable satisfait l'obligation de fournir au délégué les ressources nécessaires à ses missions (art. 38.2)."
rgpd-gdpr,P02.03,38.1,"The controller and the processor shall ensure that the data protection officer is involved, properly and in a timely manner, in all issues which relate to the protection of personal data.",tgv_plus_etroit,L'implication du responsable de la PRP dès le projet de développement illustre l'implication « en temps utile » du délégué dans les questions de protection des données de l'art. 38.1.
rgpd-gdpr,P03.01,25.1,"Taking into account the state of the art, the cost of implementation and the nature, scope, context and purposes of processing as well as the risks of varying likelihood and severity for rights and freedoms of natural persons posed by the processing, the controller shall, both at the time of the determination of the means for processing and at the time of the processing itself, implement appropriate technical and organisational measures, such as pseudonymisation, which are designed to implement data-protection principles, such as data minimisation, in an effective manner and to integrate the necessary safeguards into the processing in order to meet the requirements of this Regulation and protect the rights of data subjects.",tgv_plus_etroit,Intégrer au projet des activités garantissant le respect des principes de protection de la vie privée met en œuvre la protection des données dès la conception de l'art. 25.1.
rgpd-gdpr,P03.02,35.1,"Where a type of processing in particular using new technologies, and taking into account the nature, scope, context and purposes of the processing, is likely to result in a high risk to the rights and freedoms of natural persons, the controller shall, prior to the processing, carry out an assessment of the impact of the envisaged processing operations on the protection of personal data. A single assessment may address a set of similar processing operations that present similar high risks.",recoupement_partiel,"L'identification et l'analyse continues des risques d'atteinte à la vie privée recoupent l'analyse d'impact relative à la protection des données de l'art. 35.1, sans son caractère formel déclenché par un risque élevé."
rgpd-gdpr,P04.01,35.1,"Where a type of processing in particular using new technologies, and taking into account the nature, scope, context and purposes of the processing, is likely to result in a high risk to the rights and freedoms of natural persons, the controller shall, prior to the processing, carry out an assessment of the impact of the envisaged processing operations on the protection of personal data. A single assessment may address a set of similar processing operations that present similar high risks.",equivalent,"Le mécanisme d'ÉFVP (évaluer la conformité, relever les risques, définir les mesures) correspond directement à l'analyse d'impact relative à la protection des données prévue à l'art. 35.1."
rgpd-gdpr,P04.02,35.7.a,"a systematic description of the envisaged processing operations and the purposes of the processing, including, where applicable, the legitimate interest pursued by the controller;",recoupement_partiel,L'exigence que l'ÉFVP contienne tous les éléments requis recoupe l'obligation d'y inclure une description systématique du traitement (art. 35.7.a).
rgpd-gdpr,P04.02,35.7.d,"the measures envisaged to address the risks, including safeguards, security measures and mechanisms to ensure the protection of personal data and to demonstrate compliance with this Regulation taking into account the rights and legitimate interests of data subjects and other persons concerned.",recoupement_partiel,L'exigence que l'ÉFVP contienne tous les éléments requis recoupe l'obligation d'y inclure les mesures envisagées pour faire face aux risques (art. 35.7.d).
rgpd-gdpr,P05.01,24.1,"Taking into account the nature, scope, context and purposes of processing as well as the risks of varying likelihood and severity for the rights and freedoms of natural persons, the controller shall implement appropriate technical and organisational measures to ensure and to be able to demonstrate that processing is performed in accordance with this Regulation. Those measures shall be reviewed and updated where necessary.",recoupement_partiel,La sensibilisation du personnel aux bonnes pratiques de protection de la vie privée constitue une mesure organisationnelle démontrant la conformité au sens de l'art. 24.1.
rgpd-gdpr,P06.01,13.1.c,the purposes of the processing for which the personal data are intended as well as the legal basis for the processing;,tgv_plus_etroit,"Informer l'utilisateur de la finalite de la collecte et de l'usage des RP correspond au seul volet 'finalites' de l'art. 13.1.c, lequel exige aussi la base juridique; le critere TGV en est donc un sous-ensemble (subset), non une equivalence."
rgpd-gdpr,P06.02,13.1.c,the purposes of the processing for which the personal data are intended as well as the legal basis for the processing;,recoupement_partiel,Le volet « personnes informées des motifs de la collecte et de l'utilisation prévue » recoupe l'information sur les finalités du traitement de l'art. 13.1.c.
rgpd-gdpr,P06.02,7.1,"Where processing is based on consent, the controller shall be able to demonstrate that the data subject has consented to processing of his or her personal data.",recoupement_partiel,Le volet « s'assurer que le consentement de la personne concernée a été obtenu » recoupe l'obligation de pouvoir démontrer le consentement de l'art. 7.1.
rgpd-gdpr,P06.03,7.1,"Where processing is based on consent, the controller shall be able to demonstrate that the data subject has consented to processing of his or her personal data.",equivalent,Le mécanisme de recueil et de consignation du consentement fournit précisément la démonstration du consentement exigée par l'art. 7.1.
rgpd-gdpr,P06.04,7.1,"Where processing is based on consent, the controller shall be able to demonstrate that the data subject has consented to processing of his or her personal data.",recoupement_partiel,"La consignation de l'attestation de l'utilisateur professionnel qu'il a obtenu le consentement recoupe l'obligation de démontrer le consentement (art. 7.1), ici par preuve indirecte."
rgpd-gdpr,P06.05,7.1,"Where processing is based on consent, the controller shall be able to demonstrate that the data subject has consented to processing of his or her personal data.",recoupement_partiel,La consignation du consentement de l'utilisateur à la communication de ses RP correspond à la démonstration du consentement (art. 7.1) appliquée à la divulgation.
rgpd-gdpr,P06.06,9.2.a,"the data subject has given explicit consent to the processing of those personal data for one or more specified purposes, except where Union or Member State law provide that the prohibition referred to in paragraph 1 may not be lifted by the data subject;",recoupement_partiel,La confirmation formelle de chaque transfert de renseignements de santé (DSQ) recoupe le consentement explicite requis pour les données de santé par l'art. 9.2.a.
rgpd-gdpr,P06.07,7.3,"The data subject shall have the right to withdraw his or her consent at any time. The withdrawal of consent shall not affect the lawfulness of processing based on consent before its withdrawal. Prior to giving consent, the data subject shall be informed thereof. It shall be as easy to withdraw as to give consent.",recoupement_partiel,"La gestion détaillée du consentement (préférences, paramètres d'acceptation) permet notamment le retrait du consentement aussi aisé que son octroi exigé par l'art. 7.3."
rgpd-gdpr,P06.08,14.2.f,"from which source the personal data originate, and if applicable, whether it came from publicly accessible sources;",recoupement_partiel,La capacité de connaître la provenance des RP collectés indirectement recoupe l'obligation relative à la source des données de l'art. 14.2.f.
rgpd-gdpr,P06.10,6.1,Processing shall be lawful only if and to the extent that at least one of the following applies:,recoupement_partiel,Les mécanismes encadrant la communication de RP sans consentement s'appuient sur l'existence d'une base de licéité autre que le consentement (art. 6.1).
rgpd-gdpr,P06.11,8.2,"The controller shall make reasonable efforts to verify in such cases that consent is given or authorised by the holder of parental responsibility over the child, taking into consideration available technology.",recoupement_partiel,Le processus d'obtention du consentement du titulaire de l'autorité parentale pour les mineurs recoupe l'obligation de vérifier ce consentement parental (art. 8.2).
rgpd-gdpr,P06.12,7.1,"Where processing is based on consent, the controller shall be able to demonstrate that the data subject has consented to processing of his or her personal data.",recoupement_partiel,La consignation de l'attestation du professionnel qu'il a obtenu le consentement à la communication recoupe la démonstration du consentement (art. 7.1) pour la divulgation.
rgpd-gdpr,P07.01,28.1,"Where processing is to be carried out on behalf of a controller, the controller shall use only processors providing sufficient guarantees to implement appropriate technical and organisational measures in such a manner that processing will meet the requirements of this Regulation and ensure the protection of the rights of the data subject.",recoupement_partiel,S'assurer que les partenaires respectent les exigences de PRP recoupe l'obligation de ne recourir qu'à des sous-traitants présentant des garanties suffisantes (art. 28.1).
rgpd-gdpr,P07.02,13.1.a,"the identity and the contact details of the controller and, where applicable, of the controller's representative;",recoupement_partiel,Informer les utilisateurs de l'identité des parties prenantes (fournisseur) recoupe l'obligation de communiquer l'identité du responsable du traitement (art. 13.1.a).
rgpd-gdpr,P07.02,13.1.e,"the recipients or categories of recipients of the personal data, if any;",recoupement_partiel,"Informer sur les parties prenantes destinataires des RP (établissement acquéreur, ministère) recoupe l'information sur les destinataires de l'art. 13.1.e."
rgpd-gdpr,P08.01,6.1,Processing shall be lawful only if and to the extent that at least one of the following applies:,recoupement_partiel,La collecte d'identifiants généraux « en vertu de dispositions légales ou d'ententes spécifiques » recoupe l'exigence d'une base de licéité pour le traitement (art. 6.1).
rgpd-gdpr,P08.02,13.1,"Where personal data relating to a data subject are collected from the data subject, the controller shall, at the time when personal data are obtained, provide the data subject with all of the following information:",recoupement_partiel,Informer le patient préalablement à la collecte directe de l'utilisation de ses RP correspond à l'information à fournir au moment où les données sont obtenues auprès de la personne (art. 13.1).
rgpd-gdpr,P08.03,14.2.f,"from which source the personal data originate, and if applicable, whether it came from publicly accessible sources;",recoupement_partiel,La capacité de connaître la provenance lors d'une collecte indirecte recoupe l'obligation relative à la source des données de l'art. 14.2.f.
rgpd-gdpr,P08.03,7.1,"Where processing is based on consent, the controller shall be able to demonstrate that the data subject has consented to processing of his or her personal data.",recoupement_partiel,La consignation d'une confirmation de l'autorisation de la personne lors d'une collecte indirecte recoupe l'obligation de démontrer le consentement (art. 7.1).
rgpd-gdpr,P08.04,13.1.c,the purposes of the processing for which the personal data are intended as well as the legal basis for the processing;,recoupement_partiel,Informer l'utilisateur de la collecte automatisée d'informations sur son poste recoupe l'information sur les finalités du traitement (art. 13.1.c).
rgpd-gdpr,P08.04,6.1.a,the data subject has given consent to the processing of his or her personal data for one or more specific purposes;,recoupement_partiel,"Obtenir le consentement pour la collecte automatisée d'informations sur l'équipement/usage (témoins, localisation) correspond au consentement comme base de licéité (art. 6.1.a)."
rgpd-gdpr,P08.07,32.1,"Taking into account the state of the art, the costs of implementation and the nature, scope, context and purposes of processing as well as the risk of varying likelihood and severity for the rights and freedoms of natural persons, the controller and the processor shall implement appropriate technical and organisational measures to ensure a level of security appropriate to the risk, including inter alia as appropriate:",recoupement_partiel,L'identification et la tracabilite (journalisation) de toute communication entrante/sortante de RP constituent une mesure technique de securite garantissant la tracabilite des flux au sens de l'art. 32.1 (remplace le renvoi errone au registre 30.1.d).
rgpd-gdpr,P08.09,13.2.a,"the period for which the personal data will be stored, or if that is not possible, the criteria used to determine that period;",tgv_plus_etroit,"Informer l'utilisateur au moment de la collecte de la durée de conservation des renseignements de santé correspond, pour ce sous-ensemble de données, à l'information sur la durée de conservation de l'art. 13.2.a."
rgpd-gdpr,P09.01,32.1,"Taking into account the state of the art, the costs of implementation and the nature, scope, context and purposes of processing as well as the risk of varying likelihood and severity for the rights and freedoms of natural persons, the controller and the processor shall implement appropriate technical and organisational measures to ensure a level of security appropriate to the risk, including inter alia as appropriate:",recoupement_partiel,La gestion des accès par profils selon le moindre privilège constitue une mesure technique de sécurité au sens de l'art. 32.1.
rgpd-gdpr,P09.02,32.1,"Taking into account the state of the art, the costs of implementation and the nature, scope, context and purposes of processing as well as the risk of varying likelihood and severity for the rights and freedoms of natural persons, the controller and the processor shall implement appropriate technical and organisational measures to ensure a level of security appropriate to the risk, including inter alia as appropriate:",recoupement_partiel,Les mécanismes d'authentification proportionnés à la sensibilité des renseignements constituent une mesure de sécurité de l'art. 32.1.
rgpd-gdpr,P09.03,25.2,"The controller shall implement appropriate technical and organisational measures for ensuring that, by default, only personal data which are necessary for each specific purpose of the processing are processed. That obligation applies to the amount of personal data collected, the extent of their processing, the period of their storage and their accessibility. In particular, such measures shall ensure that by default personal data are not made accessible without the individual's intervention to an indefinite number of natural persons.",recoupement_partiel,Limiter chaque accès au strict besoin de connaître recoupe la limitation de l'accessibilité des données par défaut de l'art. 25.2.
rgpd-gdpr,P09.04,32.1,"Taking into account the state of the art, the costs of implementation and the nature, scope, context and purposes of processing as well as the risk of varying likelihood and severity for the rights and freedoms of natural persons, the controller and the processor shall implement appropriate technical and organisational measures to ensure a level of security appropriate to the risk, including inter alia as appropriate:",recoupement_partiel,La journalisation de l'ensemble des accès aux RP est une mesure de sécurité assurant la traçabilité (art. 32.1).
rgpd-gdpr,P09.05,32.1,"Taking into account the state of the art, the costs of implementation and the nature, scope, context and purposes of processing as well as the risk of varying likelihood and severity for the rights and freedoms of natural persons, the controller and the processor shall implement appropriate technical and organisational measures to ensure a level of security appropriate to the risk, including inter alia as appropriate:",recoupement_partiel,"Relier chaque RP au type d'accès, aux tâches et aux profils des utilisateurs soutient la traçabilité des accès, mesure de sécurité de l'art. 32.1."
rgpd-gdpr,P09.06,32.1,"Taking into account the state of the art, the costs of implementation and the nature, scope, context and purposes of processing as well as the risk of varying likelihood and severity for the rights and freedoms of natural persons, the controller and the processor shall implement appropriate technical and organisational measures to ensure a level of security appropriate to the risk, including inter alia as appropriate:",recoupement_partiel,La journalisation exploitable de tous les accès par des outils de gestion constitue une mesure de sécurité et de surveillance de l'art. 32.1.
rgpd-gdpr,P09.07,32.1,"Taking into account the state of the art, the costs of implementation and the nature, scope, context and purposes of processing as well as the risk of varying likelihood and severity for the rights and freedoms of natural persons, the controller and the processor shall implement appropriate technical and organisational measures to ensure a level of security appropriate to the risk, including inter alia as appropriate:",recoupement_partiel,Restreindre l'accès aux RP selon des plages horaires est une mesure de contrôle d'accès relevant de la sécurité du traitement (art. 32.1).
rgpd-gdpr,P09.08,32.1,"Taking into account the state of the art, the costs of implementation and the nature, scope, context and purposes of processing as well as the risk of varying likelihood and severity for the rights and freedoms of natural persons, the controller and the processor shall implement appropriate technical and organisational measures to ensure a level of security appropriate to the risk, including inter alia as appropriate:",recoupement_partiel,Le contrôle renforcé des accès à privilèges élevés est une mesure de sécurité de l'art. 32.1.
rgpd-gdpr,P09.09,5.1.d,"accurate and, where necessary, kept up to date; every reasonable step must be taken to ensure that personal data that are inaccurate, having regard to the purposes for which they are processed, are erased or rectified without delay (‘accuracy’);",recoupement_partiel,"La mise à jour contrôlée des RP par des personnes autorisées, avec mention de l'origine, soutient le principe d'exactitude imposant des données à jour (art. 5.1.d)."
rgpd-gdpr,P09.10,18.1,The data subject shall have the right to obtain from the controller restriction of processing where one of the following applies:,recoupement_partiel,"Permettre à la personne de demander une restriction d'accès à certains renseignements, envers certains groupes et pour une durée, recoupe le droit à la limitation du traitement (art. 18.1)."
rgpd-gdpr,P09.11,18.1,The data subject shall have the right to obtain from the controller restriction of processing where one of the following applies:,recoupement_partiel,Vérifier si le demandeur fait partie des personnes restreintes et si l'on est dans la période de restriction opérationnalise l'application de la limitation du traitement (art. 18.1).
rgpd-gdpr,P09.12,15.1,"The data subject shall have the right to obtain from the controller confirmation as to whether or not personal data concerning him or her are being processed, and, where that is the case, access to the personal data and the following information:",recoupement_partiel,"Le refus temporaire d'accès du patient en cas de risque de préjudice grave pour sa santé encadre l'exercice du droit d'accès, susceptible de restriction (art. 15.1)."
rgpd-gdpr,P10.01,24.1,"Taking into account the nature, scope, context and purposes of processing as well as the risks of varying likelihood and severity for the rights and freedoms of natural persons, the controller shall implement appropriate technical and organisational measures to ensure and to be able to demonstrate that processing is performed in accordance with this Regulation. Those measures shall be reviewed and updated where necessary.",recoupement_partiel,Préciser les rôles et responsabilités du personnel en matière de protection des RP fait partie des mesures organisationnelles de l'art. 24.1.
rgpd-gdpr,P10.02,5.1.e,"kept in a form which permits identification of data subjects for no longer than is necessary for the purposes for which the personal data are processed; personal data may be stored for longer periods insofar as the personal data will be processed solely for archiving purposes in the public interest, scientific or historical research purposes or statistical purposes in accordance with Article 89(1) subject to implementation of the appropriate technical and organisational measures required by this Regulation in order to safeguard the rights and freedoms of the data subject (‘storage limitation’);",tgv_plus_etroit,Déterminer et justifier la durée de conservation de chaque RP met en œuvre le principe de limitation de la conservation de l'art. 5.1.e.
rgpd-gdpr,P10.03,32.1,"Taking into account the state of the art, the costs of implementation and the nature, scope, context and purposes of processing as well as the risk of varying likelihood and severity for the rights and freedoms of natural persons, the controller and the processor shall implement appropriate technical and organisational measures to ensure a level of security appropriate to the risk, including inter alia as appropriate:",tgv_plus_etroit,Disposer de mesures de sécurité appropriées protégeant les RP tout au long de leur cycle de vie correspond à la sécurité du traitement de l'art. 32.1.
rgpd-gdpr,P10.04,32.1,"Taking into account the state of the art, the costs of implementation and the nature, scope, context and purposes of processing as well as the risk of varying likelihood and severity for the rights and freedoms of natural persons, the controller and the processor shall implement appropriate technical and organisational measures to ensure a level of security appropriate to the risk, including inter alia as appropriate:",recoupement_partiel,La journalisation de toute activité relative à chaque RP est une mesure de sécurité assurant la traçabilité (art. 32.1).
rgpd-gdpr,P10.05,32.1,"Taking into account the state of the art, the costs of implementation and the nature, scope, context and purposes of processing as well as the risk of varying likelihood and severity for the rights and freedoms of natural persons, the controller and the processor shall implement appropriate technical and organisational measures to ensure a level of security appropriate to the risk, including inter alia as appropriate:",recoupement_partiel,Protéger adéquatement les RP lors de leur archivage relève des mesures de sécurité de l'art. 32.1.
rgpd-gdpr,P10.06,17.1.a,the personal data are no longer necessary in relation to the purposes for which they were collected or otherwise processed;,tgv_plus_etroit,Détruire les RP lorsque la finalité de leur collecte est accomplie correspond au motif d'effacement « données non nécessaires au regard des finalités » de l'art. 17.1.a.
rgpd-gdpr,P10.06,5.1.e,"kept in a form which permits identification of data subjects for no longer than is necessary for the purposes for which the personal data are processed; personal data may be stored for longer periods insofar as the personal data will be processed solely for archiving purposes in the public interest, scientific or historical research purposes or statistical purposes in accordance with Article 89(1) subject to implementation of the appropriate technical and organisational measures required by this Regulation in order to safeguard the rights and freedoms of the data subject (‘storage limitation’);",tgv_plus_etroit,La destruction des RP à l'accomplissement de la finalité met en œuvre le principe de limitation de la conservation de l'art. 5.1.e.
rgpd-gdpr,P10.08,17.1,The data subject shall have the right to obtain from the controller the erasure of personal data concerning him or her without undue delay and the controller shall have the obligation to erase personal data without undue delay where one of the following grounds applies:,recoupement_partiel,La destruction irréversible entraînant la suppression de toutes les copies met en œuvre l'effacement complet exigé par le droit à l'effacement de l'art. 17.1.
rgpd-gdpr,P10.09,17.1,The data subject shall have the right to obtain from the controller the erasure of personal data concerning him or her without undue delay and the controller shall have the obligation to erase personal data without undue delay where one of the following grounds applies:,recoupement_partiel,"Le mécanisme de droit à l'oubli (cessation de diffusion, désindexation) opérationnalise le droit à l'effacement de l'art. 17.1."
rgpd-gdpr,P10.09,17.2,"Where the controller has made the personal data public and is obliged pursuant to paragraph 1 to erase the personal data, the controller, taking account of available technology and the cost of implementation, shall take reasonable steps, including technical measures, to inform controllers which are processing the personal data that the data subject has requested the erasure by such controllers of any links to, or copy or replication of, those personal data.",recoupement_partiel,La cessation de la diffusion et la désindexation recoupent l'obligation d'informer les responsables de supprimer les liens et copies des données rendues publiques (art. 17.2).
rgpd-gdpr,P11.01,6.1,Processing shall be lawful only if and to the extent that at least one of the following applies:,tgv_plus_etroit,"Identifier les dispositions légales légitimant la collecte et l'utilisation, et mettre en place les mesures de respect, correspond à l'exigence d'une base de licéité de l'art. 6.1."
rgpd-gdpr,P11.02,5.1.b,"collected for specified, explicit and legitimate purposes and not further processed in a manner that is incompatible with those purposes; further processing for archiving purposes in the public interest, scientific or historical research purposes or statistical purposes shall, in accordance with Article 89(1), not be considered to be incompatible with the initial purposes (‘purpose limitation’);",tgv_plus_etroit,Destiner chaque RP à un usage déterminé relié aux fonctionnalités met en œuvre la limitation des finalités de l'art. 5.1.b.
rgpd-gdpr,P11.03,25.2,"The controller shall implement appropriate technical and organisational measures for ensuring that, by default, only personal data which are necessary for each specific purpose of the processing are processed. That obligation applies to the amount of personal data collected, the extent of their processing, the period of their storage and their accessibility. In particular, such measures shall ensure that by default personal data are not made accessible without the individual's intervention to an indefinite number of natural persons.",recoupement_partiel,Réduire au minimum les personnes à qui les RP sont divulgués recoupe la limitation de l'accessibilité des données par défaut de l'art. 25.2.
rgpd-gdpr,P11.03,5.1.c,"adequate, relevant and limited to what is necessary in relation to the purposes for which they are processed (‘data minimisation’);",recoupement_partiel,Réduire au minimum les RP utilisés met en œuvre la minimisation des données de l'art. 5.1.c.
rgpd-gdpr,P11.04,25.2,"The controller shall implement appropriate technical and organisational measures for ensuring that, by default, only personal data which are necessary for each specific purpose of the processing are processed. That obligation applies to the amount of personal data collected, the extent of their processing, the period of their storage and their accessibility. In particular, such measures shall ensure that by default personal data are not made accessible without the individual's intervention to an indefinite number of natural persons.",recoupement_partiel,N'afficher l'identité des personnes concernées que lorsque c'est nécessaire correspond à la protection des données par défaut limitant les données traitées (art. 25.2).
rgpd-gdpr,P11.05,5.1.b,"collected for specified, explicit and legitimate purposes and not further processed in a manner that is incompatible with those purposes; further processing for archiving purposes in the public interest, scientific or historical research purposes or statistical purposes shall, in accordance with Article 89(1), not be considered to be incompatible with the initial purposes (‘purpose limitation’);",tgv_plus_etroit,N'utiliser chaque RP que pour une finalité autorisée met en œuvre la limitation des finalités de l'art. 5.1.b.
rgpd-gdpr,P11.06,5.1.c,"adequate, relevant and limited to what is necessary in relation to the purposes for which they are processed (‘data minimisation’);",tgv_plus_etroit,Ne recueillir que les RP strictement nécessaires met en œuvre la minimisation des données de l'art. 5.1.c.
rgpd-gdpr,P11.07,30.1.b,the purposes of the processing;,recoupement_partiel,Maintenir chaque fichier de RP pour une finalité autorisée recoupe la consignation des finalités du traitement au registre des activités (art. 30.1.b).
rgpd-gdpr,P11.08,5.1.f,"processed in a manner that ensures appropriate security of the personal data, including protection against unauthorised or unlawful processing and against accidental loss, destruction or damage, using appropriate technical or organisational measures (‘integrity and confidentiality’).",recoupement_partiel,Contrôler l'extraction et la communication des RP par des mesures de confidentialité met en œuvre le principe d'intégrité et de confidentialité de l'art. 5.1.f.
rgpd-gdpr,P11.10,32.1,"Taking into account the state of the art, the costs of implementation and the nature, scope, context and purposes of processing as well as the risk of varying likelihood and severity for the rights and freedoms of natural persons, the controller and the processor shall implement appropriate technical and organisational measures to ensure a level of security appropriate to the risk, including inter alia as appropriate:",recoupement_partiel,"Permettre à l'acquéreur de savoir quand et par qui chaque RP a été utilisé relève de la journalisation, mesure de sécurité de l'art. 32.1."
rgpd-gdpr,P11.11,15.1,"The data subject shall have the right to obtain from the controller confirmation as to whether or not personal data concerning him or her are being processed, and, where that is the case, access to the personal data and the following information:",recoupement_partiel,Rendre facilement accessibles à la personne tous les renseignements la concernant pour les consulter correspond au droit d'accès de l'art. 15.1.
rgpd-gdpr,P11.12,12.2,"The controller shall facilitate the exercise of data subject rights under Articles 15 to 22. In the cases referred to in Article 11(2), the controller shall not refuse to act on the request of the data subject for exercising his or her rights under Articles 15 to 22, unless the controller demonstrates that it is not in a position to identify the data subject.",recoupement_partiel,Disposer de mécanismes pour répondre à toute demande de consultation ou de correction correspond à l'obligation de faciliter l'exercice des droits des personnes (art. 12.2).
rgpd-gdpr,P11.13,5.1.d,"accurate and, where necessary, kept up to date; every reasonable step must be taken to ensure that personal data that are inaccurate, having regard to the purposes for which they are processed, are erased or rectified without delay (‘accuracy’);",recoupement_partiel,Propager les RP mis à jour ou ayant fait l'objet d'une rectification met en œuvre le principe d'exactitude imposant la rectification des données inexactes (art. 5.1.d).
rgpd-gdpr,P11.14,5.1.b,"collected for specified, explicit and legitimate purposes and not further processed in a manner that is incompatible with those purposes; further processing for archiving purposes in the public interest, scientific or historical research purposes or statistical purposes shall, in accordance with Article 89(1), not be considered to be incompatible with the initial purposes (‘purpose limitation’);",recoupement_partiel,Interdire l'utilisation secondaire des données hors des cas prévus par la Loi met en œuvre la limitation des finalités interdisant tout traitement ultérieur incompatible (art. 5.1.b).
rgpd-gdpr,P11.15,25.2,"The controller shall implement appropriate technical and organisational measures for ensuring that, by default, only personal data which are necessary for each specific purpose of the processing are processed. That obligation applies to the amount of personal data collected, the extent of their processing, the period of their storage and their accessibility. In particular, such measures shall ensure that by default personal data are not made accessible without the individual's intervention to an indefinite number of natural persons.",recoupement_partiel,N'afficher dans chaque panorama que les RP strictement nécessaires à la tâche correspond à la minimisation par défaut de l'art. 25.2.
rgpd-gdpr,P11.16,5.1.d,"accurate and, where necessary, kept up to date; every reasonable step must be taken to ensure that personal data that are inaccurate, having regard to the purposes for which they are processed, are erased or rectified without delay (‘accuracy’);",recoupement_partiel,Informer l'utilisateur de la nécessité de mettre à jour chaque RP soutient le principe d'exactitude imposant des données à jour (art. 5.1.d).
rgpd-gdpr,P11.17,5.1.d,"accurate and, where necessary, kept up to date; every reasonable step must be taken to ensure that personal data that are inaccurate, having regard to the purposes for which they are processed, are erased or rectified without delay (‘accuracy’);",recoupement_partiel,Tenir compte des duplicatas et des répliques lors des mises à jour assure l'exactitude de toutes les instances des RP (art. 5.1.d).
rgpd-gdpr,P11.18,32.1,"Taking into account the state of the art, the costs of implementation and the nature, scope, context and purposes of processing as well as the risk of varying likelihood and severity for the rights and freedoms of natural persons, the controller and the processor shall implement appropriate technical and organisational measures to ensure a level of security appropriate to the risk, including inter alia as appropriate:",recoupement_partiel,Héberger les RP en assurant une protection conforme aux exigences légales relève de la sécurité du traitement de l'art. 32.1.
rgpd-gdpr,P11.19,5.1.b,"collected for specified, explicit and legitimate purposes and not further processed in a manner that is incompatible with those purposes; further processing for archiving purposes in the public interest, scientific or historical research purposes or statistical purposes shall, in accordance with Article 89(1), not be considered to be incompatible with the initial purposes (‘purpose limitation’);",recoupement_partiel,Ne pas utiliser les RP à des fins d'apprentissage ou de développement hors cadre légal met en œuvre la limitation des finalités de l'art. 5.1.b.
rgpd-gdpr,P12.01,33.1,"In the case of a personal data breach, the controller shall without undue delay and, where feasible, not later than 72 hours after having become aware of it, notify the personal data breach to the supervisory authority competent in accordance with Article 55, unless the personal data breach is unlikely to result in a risk to the rights and freedoms of natural persons. Where the notification to the supervisory authority is not made within 72 hours, it shall be accompanied by reasons for the delay.",tgv_plus_large,"La définition d'un incident de confidentialité et la procédure de traitement englobent, au-delà de la notification à l'autorité (art. 33.1), l'ensemble de la gestion de la violation."
rgpd-gdpr,P12.02,33.1,"In the case of a personal data breach, the controller shall without undue delay and, where feasible, not later than 72 hours after having become aware of it, notify the personal data breach to the supervisory authority competent in accordance with Article 55, unless the personal data breach is unlikely to result in a risk to the rights and freedoms of natural persons. Where the notification to the supervisory authority is not made within 72 hours, it shall be accompanied by reasons for the delay.",recoupement_partiel,L'établissement de procédures de notification externe en cas d'incident recoupe l'obligation de notifier la violation à l'autorité de contrôle (art. 33.1).
rgpd-gdpr,P12.02,34.1,"When the personal data breach is likely to result in a high risk to the rights and freedoms of natural persons, the controller shall communicate the personal data breach to the data subject without undue delay.",recoupement_partiel,L'établissement de procédures de notification en cas d'incident recoupe l'obligation de communiquer la violation à la personne concernée (art. 34.1).
rgpd-gdpr,P12.03,32.1,"Taking into account the state of the art, the costs of implementation and the nature, scope, context and purposes of processing as well as the risk of varying likelihood and severity for the rights and freedoms of natural persons, the controller and the processor shall implement appropriate technical and organisational measures to ensure a level of security appropriate to the risk, including inter alia as appropriate:",recoupement_partiel,Mettre en place des mesures pour prévenir ou limiter les conséquences d'un incident relève des mesures de sécurité assurant la protection des données (art. 32.1).
rgpd-gdpr,P12.04,33.3.d,"describe the measures taken or proposed to be taken by the controller to address the personal data breach, including, where appropriate, measures to mitigate its possible adverse effects.",recoupement_partiel,Prendre des mesures raisonnables pour diminuer les risques de préjudice et éviter la récurrence correspond aux mesures d'atténuation de la violation exigées à l'art. 33.3.d.
rgpd-gdpr,P12.05,33.1,"In the case of a personal data breach, the controller shall without undue delay and, where feasible, not later than 72 hours after having become aware of it, notify the personal data breach to the supervisory authority competent in accordance with Article 55, unless the personal data breach is unlikely to result in a risk to the rights and freedoms of natural persons. Where the notification to the supervisory authority is not made within 72 hours, it shall be accompanied by reasons for the delay.",tgv_plus_large,Le plan de réponse aux incidents permettant de réagir rapidement soutient et dépasse l'obligation de notifier la violation sans retard indu à l'autorité (art. 33.1).
rgpd-gdpr,P12.06,33.1,"In the case of a personal data breach, the controller shall without undue delay and, where feasible, not later than 72 hours after having become aware of it, notify the personal data breach to the supervisory authority competent in accordance with Article 55, unless the personal data breach is unlikely to result in a risk to the rights and freedoms of natural persons. Where the notification to the supervisory authority is not made within 72 hours, it shall be accompanied by reasons for the delay.",recoupement_partiel,Aviser la Commission d'un incident présentant un risque de préjudice sérieux correspond à la notification de la violation à l'autorité de contrôle (art. 33.1).
rgpd-gdpr,P12.06,33.5,"The controller shall document any personal data breaches, comprising the facts relating to the personal data breach, its effects and the remedial action taken. That documentation shall enable the supervisory authority to verify compliance with this Article.",recoupement_partiel,Tenir un registre des incidents dont une copie est transmise à la Commission recoupe l'obligation de documenter les violations de données (art. 33.5).
rgpd-gdpr,P12.06,34.1,"When the personal data breach is likely to result in a high risk to the rights and freedoms of natural persons, the controller shall communicate the personal data breach to the data subject without undue delay.",recoupement_partiel,Aviser la personne concernée lorsque l'incident présente un risque de préjudice sérieux correspond à la communication de la violation à la personne concernée (art. 34.1).
rgpd-gdpr,P13.01,32.1,"Taking into account the state of the art, the costs of implementation and the nature, scope, context and purposes of processing as well as the risk of varying likelihood and severity for the rights and freedoms of natural persons, the controller and the processor shall implement appropriate technical and organisational measures to ensure a level of security appropriate to the risk, including inter alia as appropriate:",recoupement_partiel,Assurer le cloisonnement des fichiers de plusieurs clients est une mesure technique de sécurité garantissant l'isolation des données (art. 32.1).
rgpd-gdpr,P13.02,5.1.b,"collected for specified, explicit and legitimate purposes and not further processed in a manner that is incompatible with those purposes; further processing for archiving purposes in the public interest, scientific or historical research purposes or statistical purposes shall, in accordance with Article 89(1), not be considered to be incompatible with the initial purposes (‘purpose limitation’);",recoupement_partiel,Cloisonner les fichiers ayant des finalités distinctes dans un entrepôt de données met en œuvre la limitation des finalités de l'art. 5.1.b.
rgpd-gdpr,P14.01,30.1,"Each controller and, where applicable, the controller's representative, shall maintain a record of processing activities under its responsibility. That record shall contain all of the following information:",recoupement_partiel,"Dresser un inventaire complet des RP détenus, de leurs emplacements et de leurs types recoupe la tenue d'un registre des activités de traitement (art. 30.1)."
rgpd-gdpr,P14.02,30.1,"Each controller and, where applicable, the controller's representative, shall maintain a record of processing activities under its responsibility. That record shall contain all of the following information:",recoupement_partiel,"Tenir à jour un inventaire évolutif des RP recueillis ou utilisés, y compris les données de journalisation, recoupe la tenue à jour du registre des activités de traitement (art. 30.1)."
rgpd-gdpr,P14.03,32.1,"Taking into account the state of the art, the costs of implementation and the nature, scope, context and purposes of processing as well as the risk of varying likelihood and severity for the rights and freedoms of natural persons, the controller and the processor shall implement appropriate technical and organisational measures to ensure a level of security appropriate to the risk, including inter alia as appropriate:",recoupement_partiel,Un contrôle efficace de l'accès et du transfert des RP relève des mesures techniques et organisationnelles de sécurité de l'art. 32.1.
rgpd-gdpr,P14.04,28.3,"Processing by a processor shall be governed by a contract or other legal act under Union or Member State law, that is binding on the processor with regard to the controller and that sets out the subject-matter and duration of the processing, the nature and purpose of the processing, the type of personal data and categories of data subjects and the obligations and rights of the controller. That contract or other legal act shall stipulate, in particular, that the processor:",recoupement_partiel,Disposer d'un processus clair de transfert des RP à des tiers recoupe l'encadrement contractuel régissant le recours aux sous-traitants (art. 28.3).
rgpd-gdpr,P14.05,33.3.a,"describe the nature of the personal data breach including where possible, the categories and approximate number of data subjects concerned and the categories and approximate number of personal data records concerned;",recoupement_partiel,Pouvoir identifier rapidement les données mises en cause lors d'un incident correspond à la description des catégories et du volume de données concernées dans la notification de violation (art. 33.3.a).
rgpd-gdpr,P15.01,5.1.e,"kept in a form which permits identification of data subjects for no longer than is necessary for the purposes for which the personal data are processed; personal data may be stored for longer periods insofar as the personal data will be processed solely for archiving purposes in the public interest, scientific or historical research purposes or statistical purposes in accordance with Article 89(1) subject to implementation of the appropriate technical and organisational measures required by this Regulation in order to safeguard the rights and freedoms of the data subject (‘storage limitation’);",recoupement_partiel,Une politique de conservation et de destruction clairement définie et documentée met en œuvre le principe de limitation de la conservation de l'art. 5.1.e.
rgpd-gdpr,P15.03,30.1.f,"where possible, the envisaged time limits for erasure of the different categories of data;",recoupement_partiel,Suivre un calendrier de conservation par type de données correspond à la consignation des délais prévus pour l'effacement des différentes catégories au registre (art. 30.1.f).
rgpd-gdpr,P15.04,24.1,"Taking into account the nature, scope, context and purposes of processing as well as the risks of varying likelihood and severity for the rights and freedoms of natural persons, the controller shall implement appropriate technical and organisational measures to ensure and to be able to demonstrate that processing is performed in accordance with this Regulation. Those measures shall be reviewed and updated where necessary.",recoupement_partiel,Réviser régulièrement la politique de données en fonction des évolutions législatives correspond à l'obligation de revoir et d'actualiser les mesures de l'art. 24.1.
rgpd-gdpr,P16.01,12.2,"The controller shall facilitate the exercise of data subject rights under Articles 15 to 22. In the cases referred to in Article 11(2), the controller shall not refuse to act on the request of the data subject for exercising his or her rights under Articles 15 to 22, unless the controller demonstrates that it is not in a position to identify the data subject.",recoupement_partiel,Disposer d'une stratégie de traitement des plaintes relatives aux RP recoupe l'obligation de faciliter l'exercice des droits des personnes concernées (art. 12.2).
rgpd-gdpr,P16.03,12.6,"Without prejudice to Article 11, where the controller has reasonable doubts concerning the identity of the natural person making the request referred to in Articles 15 to 21, the controller may request the provision of additional information necessary to confirm the identity of the data subject.",recoupement_partiel,Intégrer des méthodes d'authentification adéquates au traitement des demandes correspond à la vérification de l'identité du demandeur en cas de doute raisonnable (art. 12.6).
rgpd-gdpr,P16.04,12.1,"The controller shall take appropriate measures to provide any information referred to in Articles 13 and 14 and any communication under Articles 15 to 22 and 34 relating to processing to the data subject in a concise, transparent, intelligible and easily accessible form, using clear and plain language, in particular for any information addressed specifically to a child. The information shall be provided in writing, or by other means, including, where appropriate, by electronic means. When requested by the data subject, the information may be provided orally, provided that the identity of the data subject is proven by other means.",recoupement_partiel,"Décrire le processus de traitement des plaintes de manière simple, claire et publiquement accessible correspond à l'exigence de transparence et d'accessibilité de l'information de l'art. 12.1."
rgpd-gdpr,P16.05,5.2,"The controller shall be responsible for, and be able to demonstrate compliance with, paragraph 1 (‘accountability’).",recoupement_partiel,"Tenir un registre des plaintes et des réponses apportées, régulièrement mis à jour, soutient l'obligation de responsabilité de démontrer la conformité (art. 5.2)."
rgpd-gdpr,P17.01,17.1,The data subject shall have the right to obtain from the controller the erasure of personal data concerning him or her without undue delay and the controller shall have the obligation to erase personal data without undue delay where one of the following grounds applies:,recoupement_partiel,Établir un processus formel de réception et de traitement des demandes de désindexation opérationnalise le droit à l'effacement de l'art. 17.1.
rgpd-gdpr,P17.02,17.3,Paragraphs 1 and 2 shall not apply to the extent that processing is necessary:,recoupement_partiel,Vérifier si des exigences légales ou réglementaires empêchent d'accéder à une demande de désindexation correspond à l'examen des exceptions au droit à l'effacement de l'art. 17.3.
rgpd-gdpr,P17.03,17.1,The data subject shall have the right to obtain from the controller the erasure of personal data concerning him or her without undue delay and the controller shall have the obligation to erase personal data without undue delay where one of the following grounds applies:,recoupement_partiel,"Développer des processus spécifiques de destruction, d'anonymisation et de désindexation des RP opérationnalise le droit à l'effacement de l'art. 17.1."
rgpd-gdpr,P17.04,12.4,"If the controller does not take action on the request of the data subject, the controller shall inform the data subject without delay and at the latest within one month of receipt of the request of the reasons for not taking action and on the possibility of lodging a complaint with a supervisory authority and seeking a judicial remedy.",recoupement_partiel,Disposer d'un protocole pour informer le requérant des raisons de l'impossibilité de désindexer correspond à l'obligation d'informer la personne des motifs de non-action sur sa demande (art. 12.4).
rgpd-gdpr,P17.05,17.1,The data subject shall have the right to obtain from the controller the erasure of personal data concerning him or her without undue delay and the controller shall have the obligation to erase personal data without undue delay where one of the following grounds applies:,recoupement_partiel,Recourir à l'anonymisation ou à la destruction pour répondre aux demandes de désindexation met en œuvre le droit à l'effacement de l'art. 17.1.
rgpd-gdpr,P18.01,15.3,"The controller shall provide a copy of the personal data undergoing processing. For any further copies requested by the data subject, the controller may charge a reasonable fee based on administrative costs. Where the data subject makes the request by electronic means, and unless otherwise requested by the data subject, the information shall be provided in a commonly used electronic form.",recoupement_partiel,Disposer d'un processus permettant à la personne de demander une copie de ses RP correspond à l'obligation de fournir une copie des données faisant l'objet du traitement (art. 15.3).
rgpd-gdpr,P18.02,15.3,"The controller shall provide a copy of the personal data undergoing processing. For any further copies requested by the data subject, the controller may charge a reasonable fee based on administrative costs. Where the data subject makes the request by electronic means, and unless otherwise requested by the data subject, the information shall be provided in a commonly used electronic form.",recoupement_partiel,"Communiquer les RP dans un format technologique structuré et couramment utilisé correspond à la fourniture d'une copie des données, le cas échéant sous forme électronique d'usage courant (art. 15.3)."
rgpd-gdpr,P18.03,12.3,"The controller shall provide information on action taken on a request under Articles 15 to 22 to the data subject without undue delay and in any event within one month of receipt of the request. That period may be extended by two further months where necessary, taking into account the complexity and number of the requests. The controller shall inform the data subject of any such extension within one month of receipt of the request, together with the reasons for the delay. Where the data subject makes the request by electronic form means, the information shall be provided by electronic means where possible, unless otherwise requested by the data subject.",recoupement_partiel,"Former les responsables à répondre aux demandes de portabilité de manière sécuritaire et dans un délai raisonnable correspond à l'obligation de donner suite sans retard indu, dans le délai prescrit (art. 12.3)."
soc2-type2,P01.01,P1.1,"The entity provides notice to data subjects about its privacy practices to meet the entity’s objectives related to privacy. The notice is updated and communicated to data subjects in a timely manner for changes to the entity’s privacy practices, including changes in the use of personal information, to meet the entity’s objectives related to privacy.",tgv_plus_etroit,La politique de protection des RP documentée constitue le socle de l'avis sur les pratiques de vie privée exigé par P1.1; preuve : politique PRP approuvée.
soc2-type2,P01.02,CC5.3,COSO Principle 12,tgv_plus_etroit,"Encadrement de la PRP par politiques/directives/procédures = déploiement de contrôles par des politiques et procédures (CC5.3), version privacy."
soc2-type2,P01.03,P1.1,"The entity provides notice to data subjects about its privacy practices to meet the entity’s objectives related to privacy. The notice is updated and communicated to data subjects in a timely manner for changes to the entity’s privacy practices, including changes in the use of personal information, to meet the entity’s objectives related to privacy.",tgv_plus_etroit,Politique de confidentialité facilement consultable par l'utilisateur = mise à disposition/communication de l'avis de vie privée (P1.1).
soc2-type2,P01.04,P1.1,"The entity provides notice to data subjects about its privacy practices to meet the entity’s objectives related to privacy. The notice is updated and communicated to data subjects in a timely manner for changes to the entity’s privacy practices, including changes in the use of personal information, to meet the entity’s objectives related to privacy.",tgv_plus_etroit,Publication d'information détaillée et en termes clairs sur les pratiques de gouvernance des RP = avis de vie privée communiqué (P1.1).
soc2-type2,P01.05,P1.1,"The entity provides notice to data subjects about its privacy practices to meet the entity’s objectives related to privacy. The notice is updated and communicated to data subjects in a timely manner for changes to the entity’s privacy practices, including changes in the use of personal information, to meet the entity’s objectives related to privacy.",tgv_plus_etroit,Politiques détaillant les RP collectés/conservés/communiqués/détruits = contenu de l'avis de vie privée (P1.1).
soc2-type2,P02.01,CC1.3,COSO Principle 3,tgv_plus_etroit,Désignation d'un responsable PRP chargé de la mise en oeuvre = attribution d'autorités et responsabilités par la direction (CC1.3).
soc2-type2,P02.02,CC1.3,COSO Principle 3,tgv_plus_etroit,Appui du responsable PRP par des ressources humaines/techniques/financières = engagement de ressources et délégation d'autorité (CC1.3).
soc2-type2,P02.03,CC1.3,COSO Principle 3,recoupement_partiel,"Implication du responsable PRP dans le projet de développement = exercice des responsabilités définies, avec chevauchement partiel du périmètre de CC1.3."
soc2-type2,P03.01,CC3.2,COSO Principle 7,recoupement_partiel,"Activités de projet assurant le respect des principes de vie privée = intersection avec l'identification/analyse des risques (CC3.2), sans équivalence complète."
soc2-type2,P03.02,CC3.2,COSO Principle 7,tgv_plus_etroit,Identification et analyse des risques d'atteinte à la vie privée dès le début du projet = sous-ensemble de l'identification/analyse des risques (CC3.2).
soc2-type2,P04.01,CC3.2,COSO Principle 7,tgv_plus_etroit,"Mécanisme d'ÉFVP lorsque la Loi l'exige = évaluation ciblée des risques vie privée, sous-ensemble de l'analyse des risques (CC3.2)."
soc2-type2,P04.02,CC3.2,COSO Principle 7,tgv_plus_etroit,Complétude de l'ÉFVP selon les éléments exigés par la CAI = qualité/exhaustivité de l'analyse de risque vie privée (CC3.2).
soc2-type2,P05.01,CC2.2,COSO Principle 14,tgv_plus_etroit,"Sensibilisation du personnel à la vie privée = communication interne visant à améliorer la connaissance et les comportements (CC2.2, volet privacy)."
soc2-type2,P05.02,CC2.3,COSO Principle 15,tgv_plus_etroit,Information de l'acquéreur et des utilisateurs sur l'usage autorisé et les mesures de sécurité = communication aux parties externes de leurs responsabilités (CC2.3).
soc2-type2,P06.01,P1.1,"The entity provides notice to data subjects about its privacy practices to meet the entity’s objectives related to privacy. The notice is updated and communicated to data subjects in a timely manner for changes to the entity’s privacy practices, including changes in the use of personal information, to meet the entity’s objectives related to privacy.",tgv_plus_etroit,Information de l'utilisateur sur la finalité de collecte et d'usage des RP = avis sur les pratiques de vie privée (P1.1).
soc2-type2,P06.02,P3.2,"For information requiring explicit consent, the entity communicates the need for such consent, as well as the consequences of a failure to provide consent for the request for personal information, and obtains the consent prior to the collection of the information to meet the entity’s objectives related to privacy.",tgv_plus_etroit,"Obtention/vérification du consentement avec information sur motifs, usage, tiers, rétractation = consentement explicite communiqué et obtenu avant collecte (P3.2)."
soc2-type2,P06.03,P3.2,"For information requiring explicit consent, the entity communicates the need for such consent, as well as the consequences of a failure to provide consent for the request for personal information, and obtains the consent prior to the collection of the information to meet the entity’s objectives related to privacy.",tgv_plus_etroit,Mécanisme de recueil et de consignation du consentement à la collecte = obtention et preuve du consentement explicite avant collecte (P3.2).
soc2-type2,P06.04,P3.2,"For information requiring explicit consent, the entity communicates the need for such consent, as well as the consequences of a failure to provide consent for the request for personal information, and obtains the consent prior to the collection of the information to meet the entity’s objectives related to privacy.",tgv_plus_etroit,Consignation de l'attestation de consentement pour COLLECTER les RP = enregistrement du consentement de collecte (P3.2).
soc2-type2,P06.05,P6.1,"The entity discloses personal information to third parties with the explicit consent of data subjects, and such consent is obtained prior to disclosure to meet the entity’s objectives related to privacy.",tgv_plus_etroit,Recueil/consignation du consentement à la COMMUNICATION des RP = consentement explicite préalable à la divulgation à des tiers (P6.1).
soc2-type2,P06.06,P6.1,"The entity discloses personal information to third parties with the explicit consent of data subjects, and such consent is obtained prior to disclosure to meet the entity’s objectives related to privacy.",tgv_plus_etroit,Confirmation formelle d'un transfert spécifique de RP (DSQ) = consentement/autorisation préalable à la divulgation (P6.1).
soc2-type2,P06.07,P2.1,"The entity communicates choices available regarding the collection, use, retention, disclosure, and disposal of personal information to the data subjects and the consequences, if any, of each choice. Explicit consent for the collection, use, retention, disclosure, and disposal of personal information is obtained from data subjects or other authorized persons, if required. Such consent is obtained only for the intended purpose of the information to meet the entity’s objectives related to privacy. The entity’s basis for determining implicit consent for the collection, use, retention, disclosure, and disposal of personal information is documented.",tgv_plus_etroit,"Gestion détaillée du consentement (paramètres d'acceptation, préférences) = communication des choix et recueil du consentement granulaire (P2.1)."
soc2-type2,P06.08,P3.1,Personal information is collected consistent with the entity’s objectives related to privacy.,recoupement_partiel,"Connaissance de la provenance des RP et déclaration lors de collecte indirecte = collecte conforme aux objectifs de vie privée (P3.1), chevauchement partiel."
soc2-type2,P06.09,P2.1,"The entity communicates choices available regarding the collection, use, retention, disclosure, and disposal of personal information to the data subjects and the consequences, if any, of each choice. Explicit consent for the collection, use, retention, disclosure, and disposal of personal information is obtained from data subjects or other authorized persons, if required. Such consent is obtained only for the intended purpose of the information to meet the entity’s objectives related to privacy. The entity’s basis for determining implicit consent for the collection, use, retention, disclosure, and disposal of personal information is documented.",recoupement_partiel,"Consignation de l'acceptation des conditions d'utilisation = enregistrement d'un choix/consentement (P2.1), périmètre partiellement distinct (CGU)."
soc2-type2,P06.10,P6.1,"The entity discloses personal information to third parties with the explicit consent of data subjects, and such consent is obtained prior to disclosure to meet the entity’s objectives related to privacy.",recoupement_partiel,"Encadrement de la communication de RP sans consentement = contrôle des divulgations (P6.1) dans les cas prévus par la Loi, chevauchement partiel."
soc2-type2,P06.11,P3.2,"For information requiring explicit consent, the entity communicates the need for such consent, as well as the consequences of a failure to provide consent for the request for personal information, and obtains the consent prior to the collection of the information to meet the entity’s objectives related to privacy.",tgv_plus_etroit,Processus de consentement parental pour les mineurs de moins de 14 ans = consentement obtenu d'une personne autorisée avant collecte (P3.2).
soc2-type2,P06.12,P6.1,"The entity discloses personal information to third parties with the explicit consent of data subjects, and such consent is obtained prior to disclosure to meet the entity’s objectives related to privacy.",tgv_plus_etroit,Consignation de l'attestation de consentement pour COMMUNIQUER les RP = preuve de consentement préalable à la divulgation (P6.1).
soc2-type2,P07.01,P6.4,"The entity obtains privacy commitments from vendors and other third parties who have access to personal information to meet the entity’s objectives related to privacy. The entity assesses those parties’ compliance on a periodic and as-needed basis and takes corrective action, if necessary.",tgv_plus_etroit,Assurance que les partenaires respectent les exigences PRP = obtention d'engagements de vie privée des tiers et évaluation de conformité (P6.4).
soc2-type2,P07.02,P1.1,"The entity provides notice to data subjects about its privacy practices to meet the entity’s objectives related to privacy. The notice is updated and communicated to data subjects in a timely manner for changes to the entity’s privacy practices, including changes in the use of personal information, to meet the entity’s objectives related to privacy.",recoupement_partiel,"Information des utilisateurs sur l'identité des parties prenantes = transparence de l'avis de vie privée (P1.1), chevauchement partiel."
soc2-type2,P08.01,P3.1,Personal information is collected consistent with the entity’s objectives related to privacy.,recoupement_partiel,"Collecte d'identifiants généraux (NAS/NAM) fondée sur des dispositions légales avec information = collecte conforme aux objectifs (P3.1), chevauchement partiel."
soc2-type2,P08.02,P1.1,"The entity provides notice to data subjects about its privacy practices to meet the entity’s objectives related to privacy. The notice is updated and communicated to data subjects in a timely manner for changes to the entity’s privacy practices, including changes in the use of personal information, to meet the entity’s objectives related to privacy.",tgv_plus_etroit,Information préalable à la collecte directe auprès du patient sur l'usage des RP = avis préalable à la collecte (P1.1).
soc2-type2,P08.03,P3.1,Personal information is collected consistent with the entity’s objectives related to privacy.,recoupement_partiel,"Connaissance de la provenance et confirmation d'autorisation en collecte indirecte = collecte conforme aux objectifs (P3.1), chevauchement partiel."
soc2-type2,P08.04,P3.2,"For information requiring explicit consent, the entity communicates the need for such consent, as well as the consequences of a failure to provide consent for the request for personal information, and obtains the consent prior to the collection of the information to meet the entity’s objectives related to privacy.",tgv_plus_etroit,"Information et consentement pour la collecte automatisée (témoins, localisation) = consentement explicite préalable à la collecte (P3.2)."
soc2-type2,P08.05,P4.2,The entity retains personal information consistent with the entity’s objectives related to privacy.,recoupement_partiel,"Connaissance de la date de collecte des RP = donnée de gestion soutenant la conservation (P4.2), chevauchement partiel."
soc2-type2,P08.06,C1.1,The entity identifies and maintains confidential information to meet the entity’s objectives related to confidentiality.,recoupement_partiel,"Traçabilité et marquage spécifique des RP du DSQ tout au long du cycle de vie = identification/maintien de l'information confidentielle (C1.1), chevauchement partiel."
soc2-type2,P08.07,P6.2,"The entity creates and retains a complete, accurate, and timely record of authorized disclosures of personal information to meet the entity’s objectives related to privacy.",tgv_plus_etroit,Traçabilité de toute communication de RP entrante/sortante = tenue d'un registre exact des divulgations autorisées (P6.2).
soc2-type2,P08.09,P1.1,"The entity provides notice to data subjects about its privacy practices to meet the entity’s objectives related to privacy. The notice is updated and communicated to data subjects in a timely manner for changes to the entity’s privacy practices, including changes in the use of personal information, to meet the entity’s objectives related to privacy.",tgv_plus_etroit,Information de l'utilisateur sur la durée de conservation au moment de la collecte = élément de l'avis de vie privée (P1.1).
soc2-type2,P09.01,CC6.3,"The entity authorizes, modifies, or removes access to data, software, functions, and other protected information assets based on roles, responsibilities, or the system design and changes, giving consideration to the concepts of least privilege and segregation of duties, to meet the entity’s objectives.",tgv_plus_etroit,Gestion des accès aux RP par profils selon le moindre privilège = accès base sur les rôles et moindre privilège (CC6.3).
soc2-type2,P09.02,CC6.1,"The entity implements logical access security software, infrastructure, and architectures over protected information assets to protect them from security events to meet the entity's objectives.",tgv_plus_etroit,Mécanismes d'authentification des utilisateurs proportionnels à la sensibilité = sécurité d'accès logique (CC6.1).
soc2-type2,P09.03,CC6.3,"The entity authorizes, modifies, or removes access to data, software, functions, and other protected information assets based on roles, responsibilities, or the system design and changes, giving consideration to the concepts of least privilege and segregation of duties, to meet the entity’s objectives.",tgv_plus_etroit,Accès aux RP répondant au principe de nécessité (besoin de connaître) = moindre privilège selon les rôles (CC6.3).
soc2-type2,P09.04,CC7.2,"The entity monitors system components and the operation of those components for anomalies that are indicative of malicious acts, natural disasters, and errors affecting the entity's ability to meet its objectives; anomalies are analyzed to determine whether they represent security events.",tgv_plus_etroit,Journalisation de l'ensemble des accès aux RP = surveillance/enregistrement de l'activité du système (CC7.2).
soc2-type2,P09.05,CC6.3,"The entity authorizes, modifies, or removes access to data, software, functions, and other protected information assets based on roles, responsibilities, or the system design and changes, giving consideration to the concepts of least privilege and segregation of duties, to meet the entity’s objectives.",recoupement_partiel,"Lien entre RP, type d'accès, tâches et profils = accès base sur les rôles/responsabilités (CC6.3), chevauchement partiel avec la journalisation."
soc2-type2,P09.06,CC7.2,"The entity monitors system components and the operation of those components for anomalies that are indicative of malicious acts, natural disasters, and errors affecting the entity's ability to meet its objectives; anomalies are analyzed to determine whether they represent security events.",tgv_plus_etroit,Journalisation des accès exploitable par des outils de gestion = surveillance et analyse des journaux (CC7.2).
soc2-type2,P09.07,CC6.1,"The entity implements logical access security software, infrastructure, and architectures over protected information assets to protect them from security events to meet the entity's objectives.",tgv_plus_etroit,Restriction des accès aux RP selon le moment (plage horaire) = mesure de sécurité d'accès logique (CC6.1).
soc2-type2,P09.08,CC6.3,"The entity authorizes, modifies, or removes access to data, software, functions, and other protected information assets based on roles, responsibilities, or the system design and changes, giving consideration to the concepts of least privilege and segregation of duties, to meet the entity’s objectives.",tgv_plus_etroit,Contrôle renforcé des accès à privilèges élevés = gestion du moindre privilège pour comptes à privilèges (CC6.3).
soc2-type2,P09.09,P7.1,"The entity collects and maintains accurate, up-to-date, complete, and relevant personal information to meet the entity’s objectives related to privacy.",recoupement_partiel,"Mise à jour des RP par personnes autorisées avec circonstances/origine = maintien de RP exacts et à jour (P7.1), chevauchement partiel."
soc2-type2,P09.10,P2.1,"The entity communicates choices available regarding the collection, use, retention, disclosure, and disposal of personal information to the data subjects and the consequences, if any, of each choice. Explicit consent for the collection, use, retention, disclosure, and disposal of personal information is obtained from data subjects or other authorized persons, if required. Such consent is obtained only for the intended purpose of the information to meet the entity’s objectives related to privacy. The entity’s basis for determining implicit consent for the collection, use, retention, disclosure, and disposal of personal information is documented.",recoupement_partiel,"Possibilité pour la personne de demander une restriction d'accès (types, groupes, durée) = expression d'un choix sur l'accès/divulgation (P2.1), chevauchement partiel."
soc2-type2,P09.11,CC6.3,"The entity authorizes, modifies, or removes access to data, software, functions, and other protected information assets based on roles, responsibilities, or the system design and changes, giving consideration to the concepts of least privilege and segregation of duties, to meet the entity’s objectives.",recoupement_partiel,"Vérification qu'un demandeur fait partie des personnes restreintes durant la période = application de restrictions d'accès (CC6.3), chevauchement partiel."
soc2-type2,P09.12,P5.1,"The entity grants identified and authenticated data subjects the ability to access their stored personal information for review and, upon request, provides physical or electronic copies of that information to data subjects to meet the entity’s objectives related to privacy. If access is denied, data subjects are informed of the denial and reason for such denial, as required, to meet the entity’s objectives related to privacy.",tgv_plus_etroit,Refus momentané d'accès au patient avec motifs documentés = refus d'accès motivé et communiqué à la personne (P5.1).
soc2-type2,P10.01,CC1.3,COSO Principle 3,tgv_plus_etroit,Rôles et responsabilités du personnel pour la PRP tout au long du cycle de vie = attribution d'autorités et responsabilités (CC1.3).
soc2-type2,P10.02,P4.2,The entity retains personal information consistent with the entity’s objectives related to privacy.,tgv_plus_etroit,Durée de conservation de chaque RP déterminée et justifiée = conservation des RP conforme aux objectifs (P4.2).
soc2-type2,P10.03,CC6.1,"The entity implements logical access security software, infrastructure, and architectures over protected information assets to protect them from security events to meet the entity's objectives.",recoupement_partiel,"Mesures de sécurité appropriées pour protéger les RP durant tout le cycle de vie = protection par sécurité d'accès logique (CC6.1), périmètre plus large."
soc2-type2,P10.04,CC7.2,"The entity monitors system components and the operation of those components for anomalies that are indicative of malicious acts, natural disasters, and errors affecting the entity's ability to meet its objectives; anomalies are analyzed to determine whether they represent security events.",tgv_plus_etroit,Journalisation de toute activité relative à chaque RP durant le cycle de vie = surveillance/enregistrement de l'activité (CC7.2).
soc2-type2,P10.05,C1.1,The entity identifies and maintains confidential information to meet the entity’s objectives related to confidentiality.,recoupement_partiel,"Protection adéquate des RP lors de l'archivage = maintien/protection de l'information confidentielle durant la rétention (C1.1), chevauchement partiel."
soc2-type2,P10.06,P4.3,The entity securely disposes of personal information to meet the entity’s objectives related to privacy.,tgv_plus_etroit,Destruction des RP à l'atteinte de la finalité de collecte = élimination sécurisée des RP (P4.3).
soc2-type2,P10.07,P4.3,The entity securely disposes of personal information to meet the entity’s objectives related to privacy.,recoupement_partiel,"Anonymisation des RP pour usage légitime = forme d'élimination/de-identification (P4.3), chevauchement partiel."
soc2-type2,P10.08,P4.3,The entity securely disposes of personal information to meet the entity’s objectives related to privacy.,tgv_plus_etroit,Destruction irréversible incluant toutes les copies = élimination sécurisée complète des RP (P4.3).
soc2-type2,P10.09,P4.3,The entity securely disposes of personal information to meet the entity’s objectives related to privacy.,recoupement_partiel,"Droit à la cessation de diffusion/désindexation (droit à l'oubli) = effacement/limitation de la disponibilité (P4.3), chevauchement partiel."
soc2-type2,P10.10,P6.1,"The entity discloses personal information to third parties with the explicit consent of data subjects, and such consent is obtained prior to disclosure to meet the entity’s objectives related to privacy.",recoupement_partiel,"Règles de communication des RP facilitant le processus de deuil = contrôle des divulgations (P6.1) dans un cas particulier, chevauchement partiel."
soc2-type2,P11.01,P3.1,Personal information is collected consistent with the entity’s objectives related to privacy.,recoupement_partiel,"Basés légales légitimant la collecte identifiées et respectées au déploiement = collecte conforme aux objectifs (P3.1), chevauchement partiel (conformité légale)."
soc2-type2,P11.02,P4.1,The entity limits the use of personal information to the purposes identified in the entity’s objectives related to privacy.,tgv_plus_etroit,Chaque RP destiné à un usage déterminé relié aux fonctionnalités = limitation de l'usage aux finalités (P4.1).
soc2-type2,P11.03,P4.1,The entity limits the use of personal information to the purposes identified in the entity’s objectives related to privacy.,recoupement_partiel,"Réduction au minimum des RP utilisés et des destinataires = limitation de l'usage (P4.1), avec composante de minimisation."
soc2-type2,P11.04,P4.1,The entity limits the use of personal information to the purposes identified in the entity’s objectives related to privacy.,recoupement_partiel,"Présentation de l'identité des personnes uniquement lorsque nécessaire = limitation de l'usage à la finalité (P4.1), chevauchement partiel."
soc2-type2,P11.05,P4.1,The entity limits the use of personal information to the purposes identified in the entity’s objectives related to privacy.,tgv_plus_etroit,Chaque RP utilisé pour une finalité autorisée = limitation de l'usage aux finalités prévues (P4.1).
soc2-type2,P11.06,P3.1,Personal information is collected consistent with the entity’s objectives related to privacy.,tgv_plus_etroit,RP recueillis strictement nécessaires = minimisation de la collecte conforme aux objectifs (P3.1).
soc2-type2,P11.07,P4.1,The entity limits the use of personal information to the purposes identified in the entity’s objectives related to privacy.,tgv_plus_etroit,Chaque fichier de RP créé/maintenu pour une finalité autorisée = limitation de l'usage aux finalités (P4.1).
soc2-type2,P11.08,CC6.7,"The entity restricts the transmission, movement, and removal of information to authorized internal and external users and processes, and protects it during transmission, movement, or removal to meet the entity’s objectives.",tgv_plus_etroit,Extraction/communication des RP contrôlée avec mesures de confidentialité = restriction et protection des transferts d'information (CC6.7).
soc2-type2,P11.10,CC7.2,"The entity monitors system components and the operation of those components for anomalies that are indicative of malicious acts, natural disasters, and errors affecting the entity's ability to meet its objectives; anomalies are analyzed to determine whether they represent security events.",tgv_plus_etroit,Savoir quand et par qui chaque RP a été utilisé = piste d'audit/surveillance de l'activité (CC7.2).
soc2-type2,P11.11,P5.1,"The entity grants identified and authenticated data subjects the ability to access their stored personal information for review and, upon request, provides physical or electronic copies of that information to data subjects to meet the entity’s objectives related to privacy. If access is denied, data subjects are informed of the denial and reason for such denial, as required, to meet the entity’s objectives related to privacy.",tgv_plus_etroit,Accès facile de l'utilisateur à tous les renseignements le concernant pour consultation = droit d'accès de la personne (P5.1).
soc2-type2,P11.12,P5.2,"The entity corrects, amends, or appends personal information based on information provided by data subjects and communicates such information to third parties, as committed or required, to meet the entity’s objectives related to privacy. If a request for correction is denied, data subjects are informed of the denial and reason for such denial to meet the entity’s objectives related to privacy.",tgv_plus_etroit,Réponse aux demandes de consultation/correction des RP = correction/rectification à la demande de la personne (P5.2).
soc2-type2,P11.13,P5.2,"The entity corrects, amends, or appends personal information based on information provided by data subjects and communicates such information to third parties, as committed or required, to meet the entity’s objectives related to privacy. If a request for correction is denied, data subjects are informed of the denial and reason for such denial to meet the entity’s objectives related to privacy.",tgv_plus_etroit,Propagation des RP mis à jour/rectifiés = correction communiquée aux tiers concernés (P5.2).
soc2-type2,P11.14,P4.1,The entity limits the use of personal information to the purposes identified in the entity’s objectives related to privacy.,tgv_plus_etroit,Interdiction de l'utilisation secondaire hors cas prévus par la Loi = limitation de l'usage aux finalités autorisées (P4.1).
soc2-type2,P11.15,P4.1,The entity limits the use of personal information to the purposes identified in the entity’s objectives related to privacy.,recoupement_partiel,"Chaque panorama ne comporte que les RP strictement nécessaires à la tache = limitation de l'usage/minimisation à l'affichage (P4.1), chevauchement partiel."
soc2-type2,P11.16,P7.1,"The entity collects and maintains accurate, up-to-date, complete, and relevant personal information to meet the entity’s objectives related to privacy.",tgv_plus_etroit,"Information de l'utilisateur sur la nécessité de mettre à jour les RP = maintien de RP exacts, à jour et pertinents (P7.1)."
soc2-type2,P11.17,P7.1,"The entity collects and maintains accurate, up-to-date, complete, and relevant personal information to meet the entity’s objectives related to privacy.",recoupement_partiel,"Prise en compte des duplicatas/répliques lors des mises à jour = maintien de l'exactitude sur toutes les copies (P7.1), chevauchement partiel."
soc2-type2,P11.18,C1.1,The entity identifies and maintains confidential information to meet the entity’s objectives related to confidentiality.,recoupement_partiel,"Hébergement des RP assurant la protection exigée par la loi du Québec = maintien/protection de l'information confidentielle (C1.1), chevauchement partiel."
soc2-type2,P11.19,P4.1,The entity limits the use of personal information to the purposes identified in the entity’s objectives related to privacy.,tgv_plus_etroit,Aucun RP utilisé pour l'apprentissage/développement hors cas prévus = limitation de l'usage aux finalités autorisées (P4.1).
soc2-type2,P12.01,CC7.4,"The entity responds to identified security incidents by executing a defined incident response program to understand, contain, remediate, and communicate security incidents, as appropriate.",tgv_plus_etroit,"Définition d'un incident de confidentialité et procédure de traitement = programme de réponse aux incidents (CC7.4), version confidentialité."
soc2-type2,P12.02,P6.6,"The entity provides notification of breaches and incidents to affected data subjects, regulators, and others to meet the entity’s objectives related to privacy.",tgv_plus_etroit,Procédures de notification interne et externe en cas d'incident de confidentialité = notification des atteintes aux personnes/régulateurs (P6.6).
soc2-type2,P12.03,CC7.3,"The entity evaluates security events to determine whether they could or have resulted in a failure of the entity to meet its objectives (security incidents) and, if so, takes actions to prevent or address such failures.",tgv_plus_etroit,Mesures pour prévenir ou limiter les conséquences d'un incident = évaluation des événements et actions pour prévenir les défaillances (CC7.3).
soc2-type2,P12.04,CC7.4,"The entity responds to identified security incidents by executing a defined incident response program to understand, contain, remediate, and communicate security incidents, as appropriate.",tgv_plus_etroit,"Mesures pour réduire le préjudice et éviter la récurrence des incidents = confinement, remédiation et suivi (CC7.4)."
soc2-type2,P12.05,CC7.4,"The entity responds to identified security incidents by executing a defined incident response program to understand, contain, remediate, and communicate security incidents, as appropriate.",tgv_plus_etroit,Plan de réponse aux incidents et directives au personnel = programme structuré de réponse aux incidents (CC7.4).
soc2-type2,P12.06,P6.3,"The entity creates and retains a complete, accurate, and timely record of detected or reported unauthorized disclosures (including breaches) of personal information to meet the entity’s objectives related to privacy.",tgv_plus_etroit,"P12.06 exige la tenue d'un REGISTRE des incidents de confidentialité (dont une copie est transmise sur demande). Cela constitue un sous-ensemble de la tenue d'un registre complet, exact et à jour des atteintes détectées ou déclarées aux RP (P6.3) — obligation distincte de l'avis à la CAI/Commission/personne concernée (déjà mappé à P6.6); preuve : registre des incidents."
soc2-type2,P12.06,P6.6,"The entity provides notification of breaches and incidents to affected data subjects, regulators, and others to meet the entity’s objectives related to privacy.",tgv_plus_etroit,"Avis à la Commission (CAI), au Bureau et à la personne concernée si préjudice sérieux, registre des incidents = notification des atteintes (P6.6)."
soc2-type2,P13.01,CC6.1,"The entity implements logical access security software, infrastructure, and architectures over protected information assets to protect them from security events to meet the entity's objectives.",tgv_plus_etroit,Cloisonnement des fichiers en environnement multi-clients = séparation logique des données par la sécurité d'accès (CC6.1).
soc2-type2,P13.02,CC6.1,"The entity implements logical access security software, infrastructure, and architectures over protected information assets to protect them from security events to meet the entity's objectives.",recoupement_partiel,"Cloisonnement des fichiers à finalités distinctes dans un entrepôt = séparation logique (CC6.1), chevauchement partiel avec la limitation de finalité."
soc2-type2,P14.01,C1.1,The entity identifies and maintains confidential information to meet the entity’s objectives related to confidentiality.,tgv_plus_etroit,"Inventaire complet des RP détenus (lieux, types) = identification et maintien de l'information confidentielle (C1.1)."
soc2-type2,P14.02,C1.1,The entity identifies and maintains confidential information to meet the entity’s objectives related to confidentiality.,tgv_plus_etroit,Inventaire à jour des RP recueillis/utilisés incluant la journalisation = maintien de l'inventaire de l'information confidentielle (C1.1).
soc2-type2,P14.03,CC6.7,"The entity restricts the transmission, movement, and removal of information to authorized internal and external users and processes, and protects it during transmission, movement, or removal to meet the entity’s objectives.",tgv_plus_etroit,Contrôle de l'accès et du transfert des RP selon les politiques = restriction et protection des transferts (CC6.7).
soc2-type2,P14.04,P6.1,"The entity discloses personal information to third parties with the explicit consent of data subjects, and such consent is obtained prior to disclosure to meet the entity’s objectives related to privacy.",tgv_plus_etroit,Processus de transfert de RP à des tiers = divulgation contrôlée aux tiers (P6.1).
soc2-type2,P14.05,CC7.3,"The entity evaluates security events to determine whether they could or have resulted in a failure of the entity to meet its objectives (security incidents) and, if so, takes actions to prevent or address such failures.",recoupement_partiel,"Capacité d'identifier rapidement les données en cause lors d'un incident = évaluation de la portée des événements de sécurité (CC7.3), chevauchement partiel."
soc2-type2,P15.01,P4.2,The entity retains personal information consistent with the entity’s objectives related to privacy.,tgv_plus_etroit,Politique de conservation et destruction des données personnelles documentée = conservation des RP conforme aux objectifs (P4.2).
soc2-type2,P15.01,P4.3,The entity securely disposes of personal information to meet the entity’s objectives related to privacy.,recoupement_partiel,"P15.01 documente une politique de CONSERVATION ET DE DESTRUCTION des données personnelles. Le volet destruction croise l'élimination sécurisée des RP (P4.3), tandis que le volet conservation relève de P4.2 (déjà mappé); chevauchement partiel -> intersect; preuve : politique de conservation/destruction approuvée."
soc2-type2,P15.02,CC5.2,COSO Principle 11,recoupement_partiel,"Sélection par une personne qualifiée d'outils de gestion des données adaptés = contrôles généraux sur la technologie (CC5.2), chevauchement partiel."
soc2-type2,P15.03,P4.2,The entity retains personal information consistent with the entity’s objectives related to privacy.,tgv_plus_etroit,Calendrier de conservation conforme à la politique et aux types de données = conservation des RP conforme aux objectifs (P4.2).
soc2-type2,P15.04,CC3.4,COSO Principle 9,tgv_plus_etroit,Révision régulière de la politique de données selon les changements législatifs = évaluation des changements (réglementaires) impactant les contrôles (CC3.4).
soc2-type2,P16.01,P8.1,"The entity implements a process for receiving, addressing, resolving, and communicating the resolution of inquiries, complaints, and disputes from data subjects and others and periodically monitors compliance to meet the entity’s objectives related to privacy. Corrections and other necessary actions related to identified deficiencies are made or taken in a timely manner.",tgv_plus_etroit,Stratégie de traitement des plaintes PRP = processus de réception/traitement/résolution des plaintes (P8.1).
soc2-type2,P16.02,P8.1,"The entity implements a process for receiving, addressing, resolving, and communicating the resolution of inquiries, complaints, and disputes from data subjects and others and periodically monitors compliance to meet the entity’s objectives related to privacy. Corrections and other necessary actions related to identified deficiencies are made or taken in a timely manner.",tgv_plus_etroit,Personnes désignées et formées pour répondre aux plaintes PRP = ressources du processus de traitement des plaintes (P8.1).
soc2-type2,P16.03,P5.1,"The entity grants identified and authenticated data subjects the ability to access their stored personal information for review and, upon request, provides physical or electronic copies of that information to data subjects to meet the entity’s objectives related to privacy. If access is denied, data subjects are informed of the denial and reason for such denial, as required, to meet the entity’s objectives related to privacy.",recoupement_partiel,"Authentification adéquate des demandeurs dans le traitement des requêtes = personnes identifiées et authentifiées (P5.1), chevauchement partiel."
soc2-type2,P16.04,P8.1,"The entity implements a process for receiving, addressing, resolving, and communicating the resolution of inquiries, complaints, and disputes from data subjects and others and periodically monitors compliance to meet the entity’s objectives related to privacy. Corrections and other necessary actions related to identified deficiencies are made or taken in a timely manner.",tgv_plus_etroit,Processus de plaintes décrit simplement et accessible publiquement = communication du processus de traitement des plaintes (P8.1).
soc2-type2,P16.05,P8.1,"The entity implements a process for receiving, addressing, resolving, and communicating the resolution of inquiries, complaints, and disputes from data subjects and others and periodically monitors compliance to meet the entity’s objectives related to privacy. Corrections and other necessary actions related to identified deficiencies are made or taken in a timely manner.",tgv_plus_etroit,Registre des plaintes contenant les réponses et tenu à jour = suivi/documentation du traitement des plaintes (P8.1).
soc2-type2,P17.01,P4.3,The entity securely disposes of personal information to meet the entity’s objectives related to privacy.,recoupement_partiel,"Processus de réception/traitement des demandes de désindexation = effacement/limitation de la diffusion (P4.3), chevauchement partiel avec le traitement des demandes."
soc2-type2,P17.02,P4.3,The entity securely disposes of personal information to meet the entity’s objectives related to privacy.,recoupement_partiel,"Vérification des exigences légales empêchant la désindexation = contrôle préalable à l'effacement (P4.3), chevauchement partiel."
soc2-type2,P17.03,P4.3,The entity securely disposes of personal information to meet the entity’s objectives related to privacy.,tgv_plus_etroit,Processus de destruction/anonymisation/désindexation des RP = élimination sécurisée/de-identification (P4.3).
soc2-type2,P17.04,P5.2,"The entity corrects, amends, or appends personal information based on information provided by data subjects and communicates such information to third parties, as committed or required, to meet the entity’s objectives related to privacy. If a request for correction is denied, data subjects are informed of the denial and reason for such denial to meet the entity’s objectives related to privacy.",tgv_plus_etroit,Protocole d'information de la personne sur l'impossibilité de désindexer = refus motivé communiqué à la personne (P5.2).
soc2-type2,P17.05,P4.3,The entity securely disposes of personal information to meet the entity’s objectives related to privacy.,tgv_plus_etroit,Anonymisation ou destruction pour répondre aux demandes de désindexation = élimination sécurisée/de-identification (P4.3).
soc2-type2,P18.01,P5.1,"The entity grants identified and authenticated data subjects the ability to access their stored personal information for review and, upon request, provides physical or electronic copies of that information to data subjects to meet the entity’s objectives related to privacy. If access is denied, data subjects are informed of the denial and reason for such denial, as required, to meet the entity’s objectives related to privacy.",tgv_plus_etroit,Processus permettant à la personne de demander une copie de ses RP = droit d'accès avec fourniture de copies (P5.1).
soc2-type2,P18.02,P5.1,"The entity grants identified and authenticated data subjects the ability to access their stored personal information for review and, upon request, provides physical or electronic copies of that information to data subjects to meet the entity’s objectives related to privacy. If access is denied, data subjects are informed of the denial and reason for such denial, as required, to meet the entity’s objectives related to privacy.",tgv_plus_etroit,Communication des RP dans un format structuré et couramment utilisé = fourniture de copies électroniques à la personne (P5.1).
soc2-type2,P18.03,P5.1,"The entity grants identified and authenticated data subjects the ability to access their stored personal information for review and, upon request, provides physical or electronic copies of that information to data subjects to meet the entity’s objectives related to privacy. If access is denied, data subjects are informed of the denial and reason for such denial, as required, to meet the entity’s objectives related to privacy.",tgv_plus_etroit,Personnel formé pour communiquer les RP de façon sécuritaire et dans un délai raisonnable = fourniture d'accès conforme aux objectifs (P5.1).
soc2-type2,S01.01,CC3.2,COSO Principle 7,tgv_plus_etroit,Évaluation des risques de sécurité à la conception et avant mise en production = identification et analyse des risques (CC3.2).
soc2-type2,S01.02,CC3.2,COSO Principle 7,tgv_plus_etroit,Évaluations périodiques des risques et vulnérabilités (CID) = identification/analyse continue des risques (CC3.2).
soc2-type2,S01.03,CC3.4,COSO Principle 9,tgv_plus_etroit,Réévaluation des risques approuvée par la direction lors de changements majeurs = identification/évaluation des changements impactant les contrôles (CC3.4).
soc2-type2,S02.01,CC5.3,COSO Principle 12,tgv_plus_etroit,"Politiques de sécurité (objectifs, principes, rôles, dérogations) = déploiement de contrôles par des politiques (CC5.3)."
soc2-type2,S02.02,CC5.3,COSO Principle 12,tgv_plus_etroit,"Normes, processus et procédures techniques de sécurité = procédures mettant les politiques en action (CC5.3)."
soc2-type2,S02.03,CC5.3,COSO Principle 12,tgv_plus_etroit,"Politiques approuvées par la direction, communiquées et maintenues à jour = gouvernance/documentation des politiques (CC5.3)."
soc2-type2,S02.04,CC7.4,"The entity responds to identified security incidents by executing a defined incident response program to understand, contain, remediate, and communicate security incidents, as appropriate.",recoupement_partiel,"Cadre de bonnes pratiques et procédure à suivre en cas d'incident = programme de réponse aux incidents (CC7.4), chevauchement partiel (volet usage)."
soc2-type2,S03.01,CC1.3,COSO Principle 3,tgv_plus_etroit,"Définition des responsabilités en matière de sécurité = structures, autorités et responsabilités (CC1.3)."
soc2-type2,S03.02,CC1.3,COSO Principle 3,tgv_plus_etroit,Responsable attitré de la sécurité de l'application et des actifs = attribution des responsabilités (CC1.3).
soc2-type2,S03.03,CC5.1,COSO Principle 10,tgv_plus_etroit,Identification des tâches incompatibles et mesures de limitation = contrôle de la séparation des tâches (CC5.1).
soc2-type2,S03.04,CC3.2,COSO Principle 7,recoupement_partiel,"Méthode de gestion de projet intégrant la sécurité et le traitement des risques = identification/analyse des risques (CC3.2), chevauchement partiel."
soc2-type2,S03.05,CC6.7,"The entity restricts the transmission, movement, and removal of information to authorized internal and external users and processes, and protects it during transmission, movement, or removal to meet the entity’s objectives.",recoupement_partiel,"Gestion des risques liés aux appareils mobiles = restriction/protection de l'information sur les terminaux (CC6.7), chevauchement partiel."
soc2-type2,S03.06,CC6.6,The entity implements logical access security measures to protect against threats from sources outside its system boundaries.,recoupement_partiel,"Politique de télétravail couvrant les risques associés = protection contre les menaces hors frontières du système (CC6.6), chevauchement partiel."
soc2-type2,S04.01,CC1.4,COSO Principle 4,tgv_plus_etroit,Compétences requises du personnel selon ses fonctions = engagement à disposer d'individus compétents (CC1.4).
soc2-type2,S04.02,CC2.2,COSO Principle 14,tgv_plus_etroit,Programme de sensibilisation et de formation à la sécurité pour tout le personnel = communication améliorant la connaissance de la sécurité (CC2.2).
soc2-type2,S04.03,CC2.2,COSO Principle 14,tgv_plus_etroit,Personnel et contractants informés de leurs responsabilités et procédures = communication des responsabilités de contrôle (CC2.2).
soc2-type2,S04.04,CC1.5,COSO Principle 5,tgv_plus_etroit,Sanctions pour non-respect des politiques de sécurité = responsabilisation et mesures disciplinaires (CC1.5).
soc2-type2,S05.01,CC2.3,COSO Principle 15,recoupement_partiel,"Établissement des conditions d'utilisation de l'application = communication aux utilisateurs externes de leurs responsabilités (CC2.3), chevauchement partiel."
soc2-type2,S05.02,CC2.3,COSO Principle 15,tgv_plus_etroit,Présentation et consignation de l'acceptation des CGU (avec énoncé de responsabilité RP) = communication des responsabilités aux utilisateurs externes (CC2.3).
soc2-type2,S05.03,CC2.3,COSO Principle 15,tgv_plus_etroit,Conditions consultables et représentées à intervalles adéquats = communication continue aux utilisateurs externes (CC2.3).
soc2-type2,S05.04,CC6.1,"The entity implements logical access security software, infrastructure, and architectures over protected information assets to protect them from security events to meet the entity's objectives.",recoupement_partiel,"Inventaire des actifs avec responsable attitré = base des actifs proteges par la sécurité d'accès (CC6.1), chevauchement partiel."
soc2-type2,S05.05,C1.1,The entity identifies and maintains confidential information to meet the entity’s objectives related to confidentiality.,tgv_plus_etroit,Classification des actifs en disponibilité/intégrité/confidentialité = identification/désignation de l'information confidentielle (C1.1).
soc2-type2,S05.06,CC6.5,The entity discontinues logical and physical protections over physical assets only after the ability to read or recover data and software from those assets has been diminished and is no longer required to meet the entity’s objectives.,recoupement_partiel,"Restitution des actifs à la fin du contrat = cessation des protections/récupération des actifs (CC6.5), chevauchement partiel."
soc2-type2,S05.07,CC6.7,"The entity restricts the transmission, movement, and removal of information to authorized internal and external users and processes, and protects it during transmission, movement, or removal to meet the entity’s objectives.",tgv_plus_etroit,Encadrement des supports amovibles selon la classification = restriction du déplacement/retrait de l'information (CC6.7).
soc2-type2,S05.08,CC6.5,The entity discontinues logical and physical protections over physical assets only after the ability to read or recover data and software from those assets has been diminished and is no longer required to meet the entity’s objectives.,tgv_plus_etroit,Mise au rebut sécurisée des supports d'information = destruction empêchant la récupération des données (CC6.5).
soc2-type2,S06.01,CC6.1,"The entity implements logical access security software, infrastructure, and architectures over protected information assets to protect them from security events to meet the entity's objectives.",tgv_plus_etroit,Politique de gestion des accès applicable à tous = sécurité d'accès logique sur les actifs proteges (CC6.1).
soc2-type2,S06.02,CC6.3,"The entity authorizes, modifies, or removes access to data, software, functions, and other protected information assets based on roles, responsibilities, or the system design and changes, giving consideration to the concepts of least privilege and segregation of duties, to meet the entity’s objectives.",tgv_plus_etroit,Règles de gestion des accès à l'application = autorisation/modification/retrait des accès selon les rôles (CC6.3).
soc2-type2,S06.03,CC6.1,"The entity implements logical access security software, infrastructure, and architectures over protected information assets to protect them from security events to meet the entity's objectives.",tgv_plus_etroit,Mécanismes limitant les accès aux seules composantes/informations autorisées = sécurité d'accès logique (CC6.1).
soc2-type2,S06.04,CC6.3,"The entity authorizes, modifies, or removes access to data, software, functions, and other protected information assets based on roles, responsibilities, or the system design and changes, giving consideration to the concepts of least privilege and segregation of duties, to meet the entity’s objectives.",tgv_plus_etroit,Activités à privilèges élevés réservées à des comptes dédiés et contrôlées = moindre privilège pour comptes à privilèges (CC6.3).
soc2-type2,S06.05,CC6.1,"The entity implements logical access security software, infrastructure, and architectures over protected information assets to protect them from security events to meet the entity's objectives.",tgv_plus_etroit,Gestion de la complexité/robustesse des mots de passe = sécurité d'accès logique (authentification) (CC6.1).
soc2-type2,S06.06,CC6.1,"The entity implements logical access security software, infrastructure, and architectures over protected information assets to protect them from security events to meet the entity's objectives.",tgv_plus_etroit,Obligation du MFA = renforcement de l'authentification d'accès logique (CC6.1).
soc2-type2,S06.07,CC6.1,"The entity implements logical access security software, infrastructure, and architectures over protected information assets to protect them from security events to meet the entity's objectives.",tgv_plus_etroit,Authentification par protocoles sécurisés et fédérations d'identité modernes = sécurité d'accès logique (CC6.1).
soc2-type2,S06.08,CC6.1,"The entity implements logical access security software, infrastructure, and architectures over protected information assets to protect them from security events to meet the entity's objectives.",tgv_plus_etroit,Préservation de la confidentialité des mots de passe (non-capture en mode integre) = protection des justificatifs d'accès (CC6.1).
soc2-type2,S06.09,CC6.1,"The entity implements logical access security software, infrastructure, and architectures over protected information assets to protect them from security events to meet the entity's objectives.",tgv_plus_etroit,Changement de mot de passe par chaque utilisateur = gestion des justificatifs d'accès logique (CC6.1).
soc2-type2,S06.10,CC6.3,"The entity authorizes, modifies, or removes access to data, software, functions, and other protected information assets based on roles, responsibilities, or the system design and changes, giving consideration to the concepts of least privilege and segregation of duties, to meet the entity’s objectives.",tgv_plus_etroit,Communications inter-composantes authentifiées avec minimum de privilèges = moindre privilège (CC6.3).
soc2-type2,S06.11,CC6.1,"The entity implements logical access security software, infrastructure, and architectures over protected information assets to protect them from security events to meet the entity's objectives.",tgv_plus_etroit,Absence de mots de passe dans scripts/macros/code source = protection des justificatifs d'accès (CC6.1).
soc2-type2,S06.12,CC6.3,"The entity authorizes, modifies, or removes access to data, software, functions, and other protected information assets based on roles, responsibilities, or the system design and changes, giving consideration to the concepts of least privilege and segregation of duties, to meet the entity’s objectives.",tgv_plus_etroit,Fonctionnalités facilitant la revue des accès = revue périodique des accès selon les rôles (CC6.3).
soc2-type2,S06.13,CC6.3,"The entity authorizes, modifies, or removes access to data, software, functions, and other protected information assets based on roles, responsibilities, or the system design and changes, giving consideration to the concepts of least privilege and segregation of duties, to meet the entity’s objectives.",tgv_plus_etroit,Profils basés sur les fonctionnalités attribuant les seuls accès nécessaires = accès base sur les rôles et moindre privilège (CC6.3).
soc2-type2,S06.14,CC6.2,"Prior to issuing system credentials and granting system access, the entity registers and authorizes new internal and external users whose access is administered by the entity. For those users whose access is administered by the entity, user system credentials are removed when user access is no longer authorized.",tgv_plus_etroit,Fonctionnalités permettant à l'acquéreur de gérer les accès = enregistrement/autorisation et retrait des accès utilisateurs (CC6.2).
soc2-type2,S06.15,CC6.1,"The entity implements logical access security software, infrastructure, and architectures over protected information assets to protect them from security events to meet the entity's objectives.",recoupement_partiel,"Fonctionnalité de déconnexion aisée = gestion de session de la sécurité d'accès logique (CC6.1), chevauchement partiel."
soc2-type2,S06.16,CC6.1,"The entity implements logical access security software, infrastructure, and architectures over protected information assets to protect them from security events to meet the entity's objectives.",tgv_plus_etroit,Désactivation d'un identifiant après cinq tentatives échouées = mesure de sécurité d'accès logique (verrouillage) (CC6.1).
soc2-type2,S06.17,CC6.1,"The entity implements logical access security software, infrastructure, and architectures over protected information assets to protect them from security events to meet the entity's objectives.",tgv_plus_etroit,Message d'échec d'authentification générique sans champ invalide = sécurité d'accès logique (non-divulgation) (CC6.1).
soc2-type2,S06.18,CC6.1,"The entity implements logical access security software, infrastructure, and architectures over protected information assets to protect them from security events to meet the entity's objectives.",tgv_plus_etroit,Absence de comptes génériques (identification individuelle) = sécurité d'accès logique et imputabilité (CC6.1).
soc2-type2,S06.19,CC6.1,"The entity implements logical access security software, infrastructure, and architectures over protected information assets to protect them from security events to meet the entity's objectives.",tgv_plus_etroit,Déconnexion automatique après inactivité = gestion de session d'accès logique (CC6.1).
soc2-type2,S06.20,CC6.1,"The entity implements logical access security software, infrastructure, and architectures over protected information assets to protect them from security events to meet the entity's objectives.",tgv_plus_etroit,Restriction de l'accès au code source = sécurité d'accès logique sur un actif protégé (CC6.1).
soc2-type2,S06.21,CC6.6,The entity implements logical access security measures to protect against threats from sources outside its system boundaries.,tgv_plus_etroit,CAPTCHA sur les services externes critiques = protection contre les menaces provenant de l'extérieur du système (CC6.6).
soc2-type2,S06.22,CC7.2,"The entity monitors system components and the operation of those components for anomalies that are indicative of malicious acts, natural disasters, and errors affecting the entity's ability to meet its objectives; anomalies are analyzed to determine whether they represent security events.",recoupement_partiel,"Signalement au titulaire des connexions/modifications de profil = surveillance/alerte sur activité (CC7.2), chevauchement partiel."
soc2-type2,S06.23,CC7.2,"The entity monitors system components and the operation of those components for anomalies that are indicative of malicious acts, natural disasters, and errors affecting the entity's ability to meet its objectives; anomalies are analyzed to determine whether they represent security events.",tgv_plus_etroit,Détection et mitigation du credential stuffing/dictionnaire = surveillance des anomalies indicatives d'actes malveillants (CC7.2).
soc2-type2,S06.24,CC6.2,"Prior to issuing system credentials and granting system access, the entity registers and authorizes new internal and external users whose access is administered by the entity. For those users whose access is administered by the entity, user system credentials are removed when user access is no longer authorized.",tgv_plus_etroit,Comptes provenant de l'annuaire centralisé de Santé Québec = enregistrement/autorisation des utilisateurs (identité centralisée) (CC6.2).
soc2-type2,S06.25,CC7.2,"The entity monitors system components and the operation of those components for anomalies that are indicative of malicious acts, natural disasters, and errors affecting the entity's ability to meet its objectives; anomalies are analyzed to determine whether they represent security events.",tgv_plus_etroit,Journalisation des accès au PST exposés sur Internet = surveillance/enregistrement de l'activité (CC7.2).
soc2-type2,S06.26,CC6.1,"The entity implements logical access security software, infrastructure, and architectures over protected information assets to protect them from security events to meet the entity's objectives.",recoupement_partiel,"Accès sans contrainte du propriétaire de la donnée = accès logique autorisé à l'actif (CC6.1), chevauchement partiel."
soc2-type2,S07.01,CC6.1,"The entity implements logical access security software, infrastructure, and architectures over protected information assets to protect them from security events to meet the entity's objectives.",tgv_plus_etroit,Chiffrement des données sensibles au repos = protection des actifs par la sécurité d'accès logique (CC6.1).
soc2-type2,S07.01,CC6.7,"The entity restricts the transmission, movement, and removal of information to authorized internal and external users and processes, and protects it during transmission, movement, or removal to meet the entity’s objectives.",tgv_plus_etroit,Chiffrement des données sensibles en communication = protection de l'information durant la transmission (CC6.7).
soc2-type2,S07.02,CC6.7,"The entity restricts the transmission, movement, and removal of information to authorized internal and external users and processes, and protects it during transmission, movement, or removal to meet the entity’s objectives.",tgv_plus_etroit,Communications inter-composantes chiffrées et authentifiées = protection de l'information durant la transmission (CC6.7).
soc2-type2,S08.01,CC6.1,"The entity implements logical access security software, infrastructure, and architectures over protected information assets to protect them from security events to meet the entity's objectives.",tgv_plus_etroit,Gestion documentée des clés cryptographiques sur tout leur cycle de vie = sécurité d'accès logique (gestion des clés) (CC6.1).
soc2-type2,S08.02,CC6.4,"The entity restricts physical access to facilities and protected information assets (for example, data center facilities, back-up media storage, and other sensitive locations) to authorized personnel to meet the entity’s objectives.",tgv_plus_etroit,Contrôle d'accès et protections physiques des locaux d'hébergement = restriction de l'accès physique aux installations (CC6.4).
soc2-type2,S08.03,CC6.4,"The entity restricts physical access to facilities and protected information assets (for example, data center facilities, back-up media storage, and other sensitive locations) to authorized personnel to meet the entity’s objectives.",tgv_plus_etroit,Contrôle d'accès physique des locaux des développeurs/maintenance/soutien = restriction de l'accès physique (CC6.4).
soc2-type2,S08.04,A1.2,"The entity authorizes, designs, develops or acquires, implements, operates, approves, maintains, and monitors environmental protections, software, data back-up processes, and recovery infrastructure to meet its objectives.",recoupement_partiel,"Entretien du matériel garantissant disponibilité et intégrité = maintien des protections/infrastructure (A1.2), chevauchement partiel."
soc2-type2,S09.01,CC6.1,"The entity implements logical access security software, infrastructure, and architectures over protected information assets to protect them from security events to meet the entity's objectives.",recoupement_partiel,"Politique du bureau propre et de l'écran vide = protection de l'information/accès (CC6.1), chevauchement partiel (physique)."
soc2-type2,S09.02,CC5.3,COSO Principle 12,tgv_plus_etroit,Documentation et diffusion des procédures d'exploitation = procédures mettant les politiques en action (CC5.3).
soc2-type2,S09.03,CC2.3,COSO Principle 15,tgv_plus_etroit,Guide d'utilisation fourni aux utilisateurs = communication de l'exploitation du système aux utilisateurs externes (CC2.3).
soc2-type2,S09.04,CC2.3,COSO Principle 15,tgv_plus_etroit,"Guide d'installation et d'entretien (config, accès, surveillance, sauvegardes) = communication du fonctionnement/frontières du système (CC2.3)."
soc2-type2,S09.05,A1.2,"The entity authorizes, designs, develops or acquires, implements, operates, approves, maintains, and monitors environmental protections, software, data back-up processes, and recovery infrastructure to meet its objectives.",tgv_plus_etroit,Système de sauvegarde à l'abri des rançongiciels = processus de sauvegarde des données (A1.2).
soc2-type2,S09.06,A1.2,"The entity authorizes, designs, develops or acquires, implements, operates, approves, maintains, and monitors environmental protections, software, data back-up processes, and recovery infrastructure to meet its objectives.",tgv_plus_etroit,Stratégies de sauvegarde permettant une récupération complète/partielle = processus de sauvegarde et récupération (A1.2).
soc2-type2,S09.07,CC8.1,"The entity authorizes, designs, develops or acquires, configures, documents, tests, approves, and implements changes to infrastructure, data, software, and procedures to meet its objectives.",tgv_plus_etroit,Processus documenté de gestion des changements = autorisation/conception/test/implantation des changements (CC8.1).
soc2-type2,S09.08,CC8.1,"The entity authorizes, designs, develops or acquires, configures, documents, tests, approves, and implements changes to infrastructure, data, software, and procedures to meet its objectives.",tgv_plus_etroit,Gestion des versions et identification de chaque changement = gestion des changements documentée (CC8.1).
soc2-type2,S09.09,CC7.1,"To meet its objectives, the entity uses detection and monitoring procedures to identify (1) changes to configurations that result in the introduction of new vulnerabilities, and (2) susceptibilities to newly discovered vulnerabilities.",tgv_plus_etroit,Plan de gestion continue des vulnérabilités = détection/surveillance des vulnérabilités (CC7.1).
soc2-type2,S09.10,CC7.1,"To meet its objectives, the entity uses detection and monitoring procedures to identify (1) changes to configurations that result in the introduction of new vulnerabilities, and (2) susceptibilities to newly discovered vulnerabilities.",tgv_plus_etroit,Application rapide des correctifs de sécurité = remédiation des vulnérabilités (CC7.1).
soc2-type2,S09.11,CC7.1,"To meet its objectives, the entity uses detection and monitoring procedures to identify (1) changes to configurations that result in the introduction of new vulnerabilities, and (2) susceptibilities to newly discovered vulnerabilities.",recoupement_partiel,"Documentation de composantes sur technologies récentes prises en charge = gestion des vulnérabilités/obsolescence (CC7.1), chevauchement partiel."
soc2-type2,S09.12,CC6.1,"The entity implements logical access security software, infrastructure, and architectures over protected information assets to protect them from security events to meet the entity's objectives.",recoupement_partiel,"Application exempte de porte dérobée = absence d'accès logique non autorisé (CC6.1), chevauchement partiel."
soc2-type2,S10.01,CC6.8,The entity implements controls to prevent or detect and act upon the introduction of unauthorized or malicious software to meet the entity’s objectives.,tgv_plus_etroit,Antivirus récent avec EDR sur tous les systèmes = prévention/détection des logiciels malveillants (CC6.8).
soc2-type2,S10.02,CC7.2,"The entity monitors system components and the operation of those components for anomalies that are indicative of malicious acts, natural disasters, and errors affecting the entity's ability to meet its objectives; anomalies are analyzed to determine whether they represent security events.",tgv_plus_etroit,Mécanismes de gestion des exceptions et d'alertes de la solution = surveillance et alerte sur anomalies (CC7.2).
soc2-type2,S10.03,CC6.6,The entity implements logical access security measures to protect against threats from sources outside its system boundaries.,recoupement_partiel,"Utilisation des outils de sécurité de Santé Québec (protocoles, RGT, GIA) = protection réseau/frontière (CC6.6), chevauchement partiel."
soc2-type2,S10.04,CC7.2,"The entity monitors system components and the operation of those components for anomalies that are indicative of malicious acts, natural disasters, and errors affecting the entity's ability to meet its objectives; anomalies are analyzed to determine whether they represent security events.",tgv_plus_etroit,Journalisation de toute activité avec identification de l'acteur/moment/nature = surveillance/enregistrement de l'activité (CC7.2).
soc2-type2,S10.05,CC7.2,"The entity monitors system components and the operation of those components for anomalies that are indicative of malicious acts, natural disasters, and errors affecting the entity's ability to meet its objectives; anomalies are analyzed to determine whether they represent security events.",tgv_plus_etroit,Filtrage/analyse des journaux et extraction standard vers un système tiers = analyse de la surveillance (CC7.2).
soc2-type2,S10.06,CC7.2,"The entity monitors system components and the operation of those components for anomalies that are indicative of malicious acts, natural disasters, and errors affecting the entity's ability to meet its objectives; anomalies are analyzed to determine whether they represent security events.",tgv_plus_etroit,Alertes sur comportements anormaux et incidents potentiels = détection des anomalies indicatives d'événements de sécurité (CC7.2).
soc2-type2,S10.07,CC7.2,"The entity monitors system components and the operation of those components for anomalies that are indicative of malicious acts, natural disasters, and errors affecting the entity's ability to meet its objectives; anomalies are analyzed to determine whether they represent security events.",tgv_plus_etroit,Systèmes de détection d'intrusion = surveillance des composantes pour actes malveillants (CC7.2).
soc2-type2,S10.08,CC7.2,"The entity monitors system components and the operation of those components for anomalies that are indicative of malicious acts, natural disasters, and errors affecting the entity's ability to meet its objectives; anomalies are analyzed to determine whether they represent security events.",recoupement_partiel,"Rôle auditeur pour consulter les rapports d'audit = revue de la surveillance (CC7.2), chevauchement partiel."
soc2-type2,S10.09,CC6.1,"The entity implements logical access security software, infrastructure, and architectures over protected information assets to protect them from security events to meet the entity's objectives.",recoupement_partiel,"Protection des journaux contre l'altération et la divulgation = sécurité d'accès logique appliquée aux journaux (CC6.1), chevauchement partiel."
soc2-type2,S11.01,CC7.2,"The entity monitors system components and the operation of those components for anomalies that are indicative of malicious acts, natural disasters, and errors affecting the entity's ability to meet its objectives; anomalies are analyzed to determine whether they represent security events.",recoupement_partiel,"Conservation des journaux selon le calendrier légal/normatif = rétention de la surveillance (CC7.2), chevauchement partiel."
soc2-type2,S11.02,CC6.7,"The entity restricts the transmission, movement, and removal of information to authorized internal and external users and processes, and protects it during transmission, movement, or removal to meet the entity’s objectives.",tgv_plus_etroit,Protection de toutes les communications inter-composantes (incl. soutien à distance) = protection de l'information durant la transmission (CC6.7).
soc2-type2,S11.03,CC6.1,"The entity implements logical access security software, infrastructure, and architectures over protected information assets to protect them from security events to meet the entity's objectives.",tgv_plus_etroit,Cloisonnement de l'environnement d'exécution (zones public/serveur) = architecture/sécurité d'accès logique (segmentation) (CC6.1).
soc2-type2,S11.04,CC6.7,"The entity restricts the transmission, movement, and removal of information to authorized internal and external users and processes, and protects it during transmission, movement, or removal to meet the entity’s objectives.",recoupement_partiel,"Courriel ne traitant pas d'information confidentielle sauf protections = protection de l'information transmise (CC6.7), chevauchement partiel."
soc2-type2,S11.05,CC2.2,COSO Principle 14,tgv_plus_etroit,Campagnes de simulation d'hameçonnage = communication de sensibilisation à la sécurité (CC2.2).
soc2-type2,S11.06,CC6.6,The entity implements logical access security measures to protect against threats from sources outside its system boundaries.,tgv_plus_etroit,Connectivité sécuritaire = protection contre les menaces provenant de l'extérieur du système (CC6.6).
soc2-type2,S12.01,CC2.2,COSO Principle 14,tgv_plus_etroit,"Plan continu de formation en cybersécurité (hameçonnage, rançongiciels, ingénierie sociale) = communication de sensibilisation à la sécurité (CC2.2)."
soc2-type2,S12.02,CC8.1,"The entity authorizes, designs, develops or acquires, configures, documents, tests, approves, and implements changes to infrastructure, data, software, and procedures to meet its objectives.",tgv_plus_etroit,Sécurité considérée à chaque étape du développement = conception/développement/test des changements pour atteindre les objectifs (CC8.1).
soc2-type2,S12.03,CC8.1,"The entity authorizes, designs, develops or acquires, configures, documents, tests, approves, and implements changes to infrastructure, data, software, and procedures to meet its objectives.",tgv_plus_etroit,Environnements de développement/test/exploitation distincts = contrôle de gestion des changements (CC8.1).
soc2-type2,S12.04,CC8.1,"The entity authorizes, designs, develops or acquires, configures, documents, tests, approves, and implements changes to infrastructure, data, software, and procedures to meet its objectives.",tgv_plus_etroit,Développement respectant les bonnes pratiques de sécurité = développement/implantation contrôle des changements (CC8.1).
soc2-type2,S12.05,CC8.1,"The entity authorizes, designs, develops or acquires, configures, documents, tests, approves, and implements changes to infrastructure, data, software, and procedures to meet its objectives.",tgv_plus_etroit,Respect des principes d'ingénierie de sécurité des systèmes = conception sécurisée des changements (CC8.1).
soc2-type2,S12.06,CC9.2,The entity assesses and manages risks associated with vendors and business partners.,tgv_plus_etroit,Supervision de tout développement externalisé = gestion des risques liés aux fournisseurs (CC9.2).
soc2-type2,S12.07,CC8.1,"The entity authorizes, designs, develops or acquires, configures, documents, tests, approves, and implements changes to infrastructure, data, software, and procedures to meet its objectives.",recoupement_partiel,"Éviter l'information confidentielle de production en développement = pratique de test/gestion des changements (CC8.1), chevauchement partiel."
soc2-type2,S12.08,CC8.1,"The entity authorizes, designs, develops or acquires, configures, documents, tests, approves, and implements changes to infrastructure, data, software, and procedures to meet its objectives.",tgv_plus_etroit,Stratégie de tests applicatifs = test des changements avant implantation (CC8.1).
soc2-type2,S13.01,CC7.1,"To meet its objectives, the entity uses detection and monitoring procedures to identify (1) changes to configurations that result in the introduction of new vulnerabilities, and (2) susceptibilities to newly discovered vulnerabilities.",tgv_plus_etroit,Prise en compte et mise à jour des vulnérabilités des composantes tierces = gestion des vulnérabilités (CC7.1).
soc2-type2,S13.02,CC9.2,The entity assesses and manages risks associated with vendors and business partners.,tgv_plus_etroit,EMR/ÉFVP préalables au recours à un fournisseur tiers = évaluation/gestion des risques fournisseurs (CC9.2).
soc2-type2,S13.03,CC9.2,The entity assesses and manages risks associated with vendors and business partners.,tgv_plus_etroit,Liste des fournisseurs et nature des services = inventaire de gestion des fournisseurs (CC9.2).
soc2-type2,S13.04,CC9.2,The entity assesses and manages risks associated with vendors and business partners.,tgv_plus_etroit,"Liste des exigences par fournisseur (sécurité, accès, niveau de service, incidents) = exigences de gestion des fournisseurs (CC9.2)."
soc2-type2,S13.05,CC9.2,The entity assesses and manages risks associated with vendors and business partners.,tgv_plus_etroit,Processus de surveillance de la conformité des fournisseurs = évaluation de la conformité des fournisseurs (CC9.2).
soc2-type2,S13.06,CC9.2,The entity assesses and manages risks associated with vendors and business partners.,tgv_plus_etroit,Ententes contractuelles avec chaque fournisseur = engagements contractuels de gestion des fournisseurs (CC9.2).
soc2-type2,S14.01,CC9.2,The entity assesses and manages risks associated with vendors and business partners.,tgv_plus_etroit,Évaluation régulière de la performance des fournisseurs = gestion/suivi des fournisseurs (CC9.2).
soc2-type2,S14.02,CC9.2,The entity assesses and manages risks associated with vendors and business partners.,recoupement_partiel,"Localisation du PST conforme à l'exigence 05 = conformité d'hébergement/fournisseur (CC9.2), chevauchement partiel."
soc2-type2,S14.03,CC7.4,"The entity responds to identified security incidents by executing a defined incident response program to understand, contain, remediate, and communicate security incidents, as appropriate.",tgv_plus_etroit,Processus de gestion des incidents arrimé avec celui des clients = programme de réponse aux incidents (coordination) (CC7.4).
soc2-type2,S14.04,CC7.4,"The entity responds to identified security incidents by executing a defined incident response program to understand, contain, remediate, and communicate security incidents, as appropriate.",tgv_plus_etroit,Avertissement des clients de tout incident sur les données = communication des incidents de sécurité (CC7.4).
soc2-type2,S15.01,CC7.4,"The entity responds to identified security incidents by executing a defined incident response program to understand, contain, remediate, and communicate security incidents, as appropriate.",tgv_plus_etroit,Engagement à collaborer avec les clients pour la prise en charge d'un incident = communication/coordination de la réponse aux incidents (CC7.4).
soc2-type2,S15.02,CC7.2,"The entity monitors system components and the operation of those components for anomalies that are indicative of malicious acts, natural disasters, and errors affecting the entity's ability to meet its objectives; anomalies are analyzed to determine whether they represent security events.",recoupement_partiel,"Surveillance de la solution selon la classification et les normes d'hébergement = surveillance des composantes (CC7.2), chevauchement partiel."
soc2-type2,S15.03,CC9.1,"The entity identifies, selects, and develops risk mitigation activities for risks arising from potential business disruptions.",tgv_plus_etroit,Arrimage avec les mécanismes de plan de reprise du SCT = mesures d'atténuation des risques de perturbation (CC9.1).
soc2-type2,S15.04,CC9.1,"The entity identifies, selects, and develops risk mitigation activities for risks arising from potential business disruptions.",tgv_plus_etroit,Plan de continuité des activités (maintenance/exploitation) = atténuation des risques de perturbation des activités (CC9.1).
soc2-type2,S15.05,A1.2,"The entity authorizes, designs, develops or acquires, implements, operates, approves, maintains, and monitors environmental protections, software, data back-up processes, and recovery infrastructure to meet its objectives.",tgv_plus_etroit,Plan de recouvrement après sinistre couvrant les infrastructures = infrastructure de récupération (A1.2).
soc2-type2,S16.01,A1.3,The entity tests recovery plan procedures supporting system recovery to meet its objectives.,tgv_plus_etroit,Test périodique du plan de reprise = test des procédures de récupération (A1.3).
soc2-type2,S16.02,CC4.1,COSO Principle 16,tgv_plus_etroit,Stratégie de validation de la conformité technique des composantes = évaluations vérifiant le fonctionnement des contrôles (CC4.1).
soc2-type2,S16.03,CC4.1,COSO Principle 16,tgv_plus_etroit,Test d'intrusion par un prestataire indépendant reconnu = évaluation séparée incluant les tests d'intrusion (CC4.1).
soc2-type2,S16.04,CC9.2,The entity assesses and manages risks associated with vendors and business partners.,recoupement_partiel,"Détention des droits de PI du code ou explicitation des limitations de licence = gestion des droits/licences des tiers (CC9.2), chevauchement partiel."
